"unique_id","indicator_id","name","measure","measure_info","geo_type_name","geo_join_id","geo_place_name","time_period","start_date","data_value","message"
"878157","386","Ozone (O3)","Mean","ppb","CD","202","Hunts Point and Longwood (CD2)","Summer 2023","2023-06-01T00:00:00.000","33.48798478",
"876876","375","Nitrogen dioxide (NO2)","Mean","ppb","UHF42","106","High Bridge - Morrisania","Summer 2023","2023-06-01T00:00:00.000","13.96941767",
"878148","386","Ozone (O3)","Mean","ppb","CD","211","Morris Park and Bronxdale (CD11)","Summer 2023","2023-06-01T00:00:00.000","34.34050068",
"878154","386","Ozone (O3)","Mean","ppb","CD","205","Fordham and University Heights (CD5)","Summer 2023","2023-06-01T00:00:00.000","31.7873767",
"874341","365","Fine particles (PM 2.5)","Mean","mcg/m3","UHF42","107","Hunts Point - Mott Haven","Summer 2023","2023-06-01T00:00:00.000","9.515300705",
"878153","386","Ozone (O3)","Mean","ppb","CD","206","Belmont and East Tremont (CD6)","Summer 2023","2023-06-01T00:00:00.000","32.73465101",
"878245","386","Ozone (O3)","Mean","ppb","UHF42","103","Fordham - Bronx Pk","Summer 2023","2023-06-01T00:00:00.000","32.31051756",
"874605","365","Fine particles (PM 2.5)","Mean","mcg/m3","CD","206","Belmont and East Tremont (CD6)","Summer 2023","2023-06-01T00:00:00.000","9.337857894",
"874493","365","Fine particles (PM 2.5)","Mean","mcg/m3","CD","201","Mott Haven and Melrose (CD1)","Summer 2023","2023-06-01T00:00:00.000","9.493704165",
"874344","365","Fine particles (PM 2.5)","Mean","mcg/m3","UHF42","106","High Bridge - Morrisania","Summer 2023","2023-06-01T00:00:00.000","9.297253521",
"876867","375","Nitrogen dioxide (NO2)","Mean","ppb","UHF42","103","Fordham - Bronx Pk","Summer 2023","2023-06-01T00:00:00.000","12.47245283",
"876864","375","Nitrogen dioxide (NO2)","Mean","ppb","UHF42","102","Northeast Bronx","Summer 2023","2023-06-01T00:00:00.000","11.62453778",
"878156","386","Ozone (O3)","Mean","ppb","CD","203","Morrisania and Crotona (CD3)","Summer 2023","2023-06-01T00:00:00.000","32.51779978",
"876879","375","Nitrogen dioxide (NO2)","Mean","ppb","UHF42","107","Hunts Point - Mott Haven","Summer 2023","2023-06-01T00:00:00.000","14.78510714",
"877137","375","Nitrogen dioxide (NO2)","Mean","ppb","CD","204","Highbridge and Concourse (CD4)","Summer 2023","2023-06-01T00:00:00.000","14.04503059",
"878241","386","Ozone (O3)","Mean","ppb","UHF42","107","Hunts Point - Mott Haven","Summer 2023","2023-06-01T00:00:00.000","33.38337979",
"878252","386","Ozone (O3)","Mean","ppb","Borough","1","Bronx","Summer 2023","2023-06-01T00:00:00.000","33.22314544",
"877131","375","Nitrogen dioxide (NO2)","Mean","ppb","CD","202","Hunts Point and Longwood (CD2)","Summer 2023","2023-06-01T00:00:00.000","15.26199906",
"877134","375","Nitrogen dioxide (NO2)","Mean","ppb","CD","203","Morrisania and Crotona (CD3)","Summer 2023","2023-06-01T00:00:00.000","13.76011232",
"878203","386","Ozone (O3)","Mean","ppb","UHF34","103","Fordham - Bronx Pk","Summer 2023","2023-06-01T00:00:00.000","32.31051756",
"877128","375","Nitrogen dioxide (NO2)","Mean","ppb","CD","201","Mott Haven and Melrose (CD1)","Summer 2023","2023-06-01T00:00:00.000","14.89235269",
"877158","375","Nitrogen dioxide (NO2)","Mean","ppb","CD","211","Morris Park and Bronxdale (CD11)","Summer 2023","2023-06-01T00:00:00.000","11.49641693",
"878243","386","Ozone (O3)","Mean","ppb","UHF42","105","Crotona -Tremont","Summer 2023","2023-06-01T00:00:00.000","32.15024536",
"874416","365","Fine particles (PM 2.5)","Mean","mcg/m3","UHF34","102","Northeast Bronx","Summer 2023","2023-06-01T00:00:00.000","9.237951308",
"876993","375","Nitrogen dioxide (NO2)","Mean","ppb","UHF34","103","Fordham - Bronx Pk","Summer 2023","2023-06-01T00:00:00.000","12.47245283",
"878242","386","Ozone (O3)","Mean","ppb","UHF42","106","High Bridge - Morrisania","Summer 2023","2023-06-01T00:00:00.000","32.13694571",
"874602","365","Fine particles (PM 2.5)","Mean","mcg/m3","CD","205","Fordham and University Heights (CD5)","Summer 2023","2023-06-01T00:00:00.000","9.294695775",
"878204","386","Ozone (O3)","Mean","ppb","UHF34","102","Northeast Bronx","Summer 2023","2023-06-01T00:00:00.000","33.69362355",
"874347","365","Fine particles (PM 2.5)","Mean","mcg/m3","UHF42","105","Crotona -Tremont","Summer 2023","2023-06-01T00:00:00.000","9.367923944",
"874593","365","Fine particles (PM 2.5)","Mean","mcg/m3","CD","202","Hunts Point and Longwood (CD2)","Summer 2023","2023-06-01T00:00:00.000","9.725961313",
"874356","365","Fine particles (PM 2.5)","Mean","mcg/m3","UHF42","102","Northeast Bronx","Summer 2023","2023-06-01T00:00:00.000","9.237958876",
"874535","365","Fine particles (PM 2.5)","Mean","mcg/m3","UHF34","105106107","South Bronx","Summer 2023","2023-06-01T00:00:00.000","9.409821191",
"874413","365","Fine particles (PM 2.5)","Mean","mcg/m3","UHF34","103","Fordham - Bronx Pk","Summer 2023","2023-06-01T00:00:00.000","9.228735232",
"878172","386","Ozone (O3)","Mean","ppb","UHF34","105106107","South Bronx","Summer 2023","2023-06-01T00:00:00.000","32.66163839",
"877140","375","Nitrogen dioxide (NO2)","Mean","ppb","CD","205","Fordham and University Heights (CD5)","Summer 2023","2023-06-01T00:00:00.000","14.12317805",
"874374","365","Fine particles (PM 2.5)","Mean","mcg/m3","Borough","1","Bronx","Summer 2023","2023-06-01T00:00:00.000","9.288327562",
"878246","386","Ozone (O3)","Mean","ppb","UHF42","102","Northeast Bronx","Summer 2023","2023-06-01T00:00:00.000","33.69356145",
"876990","375","Nitrogen dioxide (NO2)","Mean","ppb","UHF34","102","Northeast Bronx","Summer 2023","2023-06-01T00:00:00.000","11.62451231",
"874596","365","Fine particles (PM 2.5)","Mean","mcg/m3","CD","203","Morrisania and Crotona (CD3)","Summer 2023","2023-06-01T00:00:00.000","9.377384466",
"877086","375","Nitrogen dioxide (NO2)","Mean","ppb","UHF34","105106107","South Bronx","Summer 2023","2023-06-01T00:00:00.000","14.34539039",
"876846","375","Nitrogen dioxide (NO2)","Mean","ppb","Borough","1","Bronx","Summer 2023","2023-06-01T00:00:00.000","12.81913123",
"878158","386","Ozone (O3)","Mean","ppb","CD","201","Mott Haven and Melrose (CD1)","Summer 2023","2023-06-01T00:00:00.000","32.37118901",
"876873","375","Nitrogen dioxide (NO2)","Mean","ppb","UHF42","105","Crotona -Tremont","Summer 2023","2023-06-01T00:00:00.000","14.08557751",
"878155","386","Ozone (O3)","Mean","ppb","CD","204","Highbridge and Concourse (CD4)","Summer 2023","2023-06-01T00:00:00.000","31.89345109",
"874353","365","Fine particles (PM 2.5)","Mean","mcg/m3","UHF42","103","Fordham - Bronx Pk","Summer 2023","2023-06-01T00:00:00.000","9.228735232",
"874599","365","Fine particles (PM 2.5)","Mean","mcg/m3","CD","204","Highbridge and Concourse (CD4)","Summer 2023","2023-06-01T00:00:00.000","9.2882538",
"877143","375","Nitrogen dioxide (NO2)","Mean","ppb","CD","206","Belmont and East Tremont (CD6)","Summer 2023","2023-06-01T00:00:00.000","13.48533038",
"874882","365","Fine particles (PM 2.5)","Mean","mcg/m3","CD","211","Morris Park and Bronxdale (CD11)","Summer 2023","2023-06-01T00:00:00.000","9.232350014",
"874604","365","Fine particles (PM 2.5)","Mean","mcg/m3","CD","206","Belmont and East Tremont (CD6)","Annual Average 2023","2023-01-01T00:00:00.000","7.00445686",
"874375","365","Fine particles (PM 2.5)","Mean","mcg/m3","Borough","1","Bronx","Annual Average 2023","2023-01-01T00:00:00.000","6.904676852",
"876845","375","Nitrogen dioxide (NO2)","Mean","ppb","Borough","1","Bronx","Annual Average 2023","2023-01-01T00:00:00.000","15.75835985",
"876863","375","Nitrogen dioxide (NO2)","Mean","ppb","UHF42","102","Northeast Bronx","Annual Average 2023","2023-01-01T00:00:00.000","14.48039862",
"874354","365","Fine particles (PM 2.5)","Mean","mcg/m3","UHF42","103","Fordham - Bronx Pk","Annual Average 2023","2023-01-01T00:00:00.000","6.836602443",
"877157","375","Nitrogen dioxide (NO2)","Mean","ppb","CD","211","Morris Park and Bronxdale (CD11)","Annual Average 2023","2023-01-01T00:00:00.000","14.84932053",
"874417","365","Fine particles (PM 2.5)","Mean","mcg/m3","UHF34","102","Northeast Bronx","Annual Average 2023","2023-01-01T00:00:00.000","6.809300497",
"874592","365","Fine particles (PM 2.5)","Mean","mcg/m3","CD","202","Hunts Point and Longwood (CD2)","Annual Average 2023","2023-01-01T00:00:00.000","7.398307426",
"876878","375","Nitrogen dioxide (NO2)","Mean","ppb","UHF42","107","Hunts Point - Mott Haven","Annual Average 2023","2023-01-01T00:00:00.000","17.52685837",
"877133","375","Nitrogen dioxide (NO2)","Mean","ppb","CD","203","Morrisania and Crotona (CD3)","Annual Average 2023","2023-01-01T00:00:00.000","16.96020308",
"876992","375","Nitrogen dioxide (NO2)","Mean","ppb","UHF34","103","Fordham - Bronx Pk","Annual Average 2023","2023-01-01T00:00:00.000","15.00464812",
"874414","365","Fine particles (PM 2.5)","Mean","mcg/m3","UHF34","103","Fordham - Bronx Pk","Annual Average 2023","2023-01-01T00:00:00.000","6.836602443",
"874494","365","Fine particles (PM 2.5)","Mean","mcg/m3","CD","201","Mott Haven and Melrose (CD1)","Annual Average 2023","2023-01-01T00:00:00.000","7.093354653",
"874348","365","Fine particles (PM 2.5)","Mean","mcg/m3","UHF42","105","Crotona -Tremont","Annual Average 2023","2023-01-01T00:00:00.000","6.999578038",
"877139","375","Nitrogen dioxide (NO2)","Mean","ppb","CD","205","Fordham and University Heights (CD5)","Annual Average 2023","2023-01-01T00:00:00.000","17.2275126",
"876989","375","Nitrogen dioxide (NO2)","Mean","ppb","UHF34","102","Northeast Bronx","Annual Average 2023","2023-01-01T00:00:00.000","14.48041782",
"874881","365","Fine particles (PM 2.5)","Mean","mcg/m3","CD","211","Morris Park and Bronxdale (CD11)","Annual Average 2023","2023-01-01T00:00:00.000","6.859797047",
"877136","375","Nitrogen dioxide (NO2)","Mean","ppb","CD","204","Highbridge and Concourse (CD4)","Annual Average 2023","2023-01-01T00:00:00.000","17.2006952",
"874357","365","Fine particles (PM 2.5)","Mean","mcg/m3","UHF42","102","Northeast Bronx","Annual Average 2023","2023-01-01T00:00:00.000","6.809305105",
"874595","365","Fine particles (PM 2.5)","Mean","mcg/m3","CD","203","Morrisania and Crotona (CD3)","Annual Average 2023","2023-01-01T00:00:00.000","7.047626594",
"876866","375","Nitrogen dioxide (NO2)","Mean","ppb","UHF42","103","Fordham - Bronx Pk","Annual Average 2023","2023-01-01T00:00:00.000","15.00464812",
"877085","375","Nitrogen dioxide (NO2)","Mean","ppb","UHF34","105106107","South Bronx","Annual Average 2023","2023-01-01T00:00:00.000","17.32567467",
"876872","375","Nitrogen dioxide (NO2)","Mean","ppb","UHF42","105","Crotona -Tremont","Annual Average 2023","2023-01-01T00:00:00.000","17.27046057",
"876875","375","Nitrogen dioxide (NO2)","Mean","ppb","UHF42","106","High Bridge - Morrisania","Annual Average 2023","2023-01-01T00:00:00.000","17.0841194",
"874536","365","Fine particles (PM 2.5)","Mean","mcg/m3","UHF34","105106107","South Bronx","Annual Average 2023","2023-01-01T00:00:00.000","7.041579913",
"874345","365","Fine particles (PM 2.5)","Mean","mcg/m3","UHF42","106","High Bridge - Morrisania","Annual Average 2023","2023-01-01T00:00:00.000","6.910426411",
"877130","375","Nitrogen dioxide (NO2)","Mean","ppb","CD","202","Hunts Point and Longwood (CD2)","Annual Average 2023","2023-01-01T00:00:00.000","18.29599911",
"874598","365","Fine particles (PM 2.5)","Mean","mcg/m3","CD","204","Highbridge and Concourse (CD4)","Annual Average 2023","2023-01-01T00:00:00.000","6.885403405",
"877127","375","Nitrogen dioxide (NO2)","Mean","ppb","CD","201","Mott Haven and Melrose (CD1)","Annual Average 2023","2023-01-01T00:00:00.000","17.71582761",
"877142","375","Nitrogen dioxide (NO2)","Mean","ppb","CD","206","Belmont and East Tremont (CD6)","Annual Average 2023","2023-01-01T00:00:00.000","16.59576199",
"874342","365","Fine particles (PM 2.5)","Mean","mcg/m3","UHF42","107","Hunts Point - Mott Haven","Annual Average 2023","2023-01-01T00:00:00.000","7.159500847",
"874601","365","Fine particles (PM 2.5)","Mean","mcg/m3","CD","205","Fordham and University Heights (CD5)","Annual Average 2023","2023-01-01T00:00:00.000","6.896787389",
"876991","375","Nitrogen dioxide (NO2)","Mean","ppb","UHF34","102","Northeast Bronx","Winter 2022-23","2022-12-01T00:00:00.000","17.57637342",
"877141","375","Nitrogen dioxide (NO2)","Mean","ppb","CD","205","Fordham and University Heights (CD5)","Winter 2022-23","2022-12-01T00:00:00.000","21.78102218",
"874343","365","Fine particles (PM 2.5)","Mean","mcg/m3","UHF42","106","High Bridge - Morrisania","Winter 2022-23","2022-12-01T00:00:00.000","6.537183143",
"877129","375","Nitrogen dioxide (NO2)","Mean","ppb","CD","201","Mott Haven and Melrose (CD1)","Winter 2022-23","2022-12-01T00:00:00.000","21.74063621",
"874340","365","Fine particles (PM 2.5)","Mean","mcg/m3","UHF42","107","Hunts Point - Mott Haven","Winter 2022-23","2022-12-01T00:00:00.000","6.746809888",
"877144","375","Nitrogen dioxide (NO2)","Mean","ppb","CD","206","Belmont and East Tremont (CD6)","Winter 2022-23","2022-12-01T00:00:00.000","21.41995292",
"876874","375","Nitrogen dioxide (NO2)","Mean","ppb","UHF42","105","Crotona -Tremont","Winter 2022-23","2022-12-01T00:00:00.000","21.97406172",
"876880","375","Nitrogen dioxide (NO2)","Mean","ppb","UHF42","107","Hunts Point - Mott Haven","Winter 2022-23","2022-12-01T00:00:00.000","21.80011208",
"876868","375","Nitrogen dioxide (NO2)","Mean","ppb","UHF42","103","Fordham - Bronx Pk","Winter 2022-23","2022-12-01T00:00:00.000","18.99476736",
"876847","375","Nitrogen dioxide (NO2)","Mean","ppb","Borough","1","Bronx","Winter 2022-23","2022-12-01T00:00:00.000","19.74253268",
"877087","375","Nitrogen dioxide (NO2)","Mean","ppb","UHF34","105106107","South Bronx","Winter 2022-23","2022-12-01T00:00:00.000","21.77739196",
"876877","375","Nitrogen dioxide (NO2)","Mean","ppb","UHF42","106","High Bridge - Morrisania","Winter 2022-23","2022-12-01T00:00:00.000","21.5282083",
"874373","365","Fine particles (PM 2.5)","Mean","mcg/m3","Borough","1","Bronx","Winter 2022-23","2022-12-01T00:00:00.000","6.587404142",
"876865","375","Nitrogen dioxide (NO2)","Mean","ppb","UHF42","102","Northeast Bronx","Winter 2022-23","2022-12-01T00:00:00.000","17.57629674",
"874600","365","Fine particles (PM 2.5)","Mean","mcg/m3","CD","204","Highbridge and Concourse (CD4)","Winter 2022-23","2022-12-01T00:00:00.000","6.506105618",
"874597","365","Fine particles (PM 2.5)","Mean","mcg/m3","CD","203","Morrisania and Crotona (CD3)","Winter 2022-23","2022-12-01T00:00:00.000","6.75854421",
"874346","365","Fine particles (PM 2.5)","Mean","mcg/m3","UHF42","105","Crotona -Tremont","Winter 2022-23","2022-12-01T00:00:00.000","6.698642289",
"874534","365","Fine particles (PM 2.5)","Mean","mcg/m3","UHF34","105106107","South Bronx","Winter 2022-23","2022-12-01T00:00:00.000","6.673858161",
"877135","375","Nitrogen dioxide (NO2)","Mean","ppb","CD","203","Morrisania and Crotona (CD3)","Winter 2022-23","2022-12-01T00:00:00.000","21.807499",
"874606","365","Fine particles (PM 2.5)","Mean","mcg/m3","CD","206","Belmont and East Tremont (CD6)","Winter 2022-23","2022-12-01T00:00:00.000","6.763746124",
"874594","365","Fine particles (PM 2.5)","Mean","mcg/m3","CD","202","Hunts Point and Longwood (CD2)","Winter 2022-23","2022-12-01T00:00:00.000","7.03025526",
"874591","365","Fine particles (PM 2.5)","Mean","mcg/m3","CD","201","Mott Haven and Melrose (CD1)","Winter 2022-23","2022-12-01T00:00:00.000","6.626513845",
"877132","375","Nitrogen dioxide (NO2)","Mean","ppb","CD","202","Hunts Point and Longwood (CD2)","Winter 2022-23","2022-12-01T00:00:00.000","22.53750523",
"874412","365","Fine particles (PM 2.5)","Mean","mcg/m3","UHF34","103","Fordham - Bronx Pk","Winter 2022-23","2022-12-01T00:00:00.000","6.623421932",
"877159","375","Nitrogen dioxide (NO2)","Mean","ppb","CD","211","Morris Park and Bronxdale (CD11)","Winter 2022-23","2022-12-01T00:00:00.000","19.18685828",
"874415","365","Fine particles (PM 2.5)","Mean","mcg/m3","UHF34","102","Northeast Bronx","Winter 2022-23","2022-12-01T00:00:00.000","6.539488972",
"874603","365","Fine particles (PM 2.5)","Mean","mcg/m3","CD","205","Fordham and University Heights (CD5)","Winter 2022-23","2022-12-01T00:00:00.000","6.595338571",
"874355","365","Fine particles (PM 2.5)","Mean","mcg/m3","UHF42","102","Northeast Bronx","Winter 2022-23","2022-12-01T00:00:00.000","6.539495579",
"874352","365","Fine particles (PM 2.5)","Mean","mcg/m3","UHF42","103","Fordham - Bronx Pk","Winter 2022-23","2022-12-01T00:00:00.000","6.623421932",
"874883","365","Fine particles (PM 2.5)","Mean","mcg/m3","CD","211","Morris Park and Bronxdale (CD11)","Winter 2022-23","2022-12-01T00:00:00.000","6.580872292",
"876994","375","Nitrogen dioxide (NO2)","Mean","ppb","UHF34","103","Fordham - Bronx Pk","Winter 2022-23","2022-12-01T00:00:00.000","18.99476736",
"877138","375","Nitrogen dioxide (NO2)","Mean","ppb","CD","204","Highbridge and Concourse (CD4)","Winter 2022-23","2022-12-01T00:00:00.000","21.63718571",
"825855","375","Nitrogen dioxide (NO2)","Mean","ppb","UHF34","105106107","South Bronx","Summer 2022","2022-06-01T00:00:00.000","13.52832429",
"827142","386","Ozone (O3)","Mean","ppb","UHF42","102","Northeast Bronx","Summer 2022","2022-06-01T00:00:00.000","32.19843539",
"825811","375","Nitrogen dioxide (NO2)","Mean","ppb","Borough","1","Bronx","Summer 2022","2022-06-01T00:00:00.000","12.20330878",
"823319","365","Fine particles (PM 2.5)","Mean","mcg/m3","UHF42","103","Fordham - Bronx Pk","Summer 2022","2022-06-01T00:00:00.000","7.129036078",
"825784","375","Nitrogen dioxide (NO2)","Mean","ppb","UHF42","105","Crotona -Tremont","Summer 2022","2022-06-01T00:00:00.000","13.62824594",
"826010","375","Nitrogen dioxide (NO2)","Mean","ppb","CD","205","Fordham and University Heights (CD5)","Summer 2022","2022-06-01T00:00:00.000","13.68191263",
"825778","375","Nitrogen dioxide (NO2)","Mean","ppb","UHF42","107","Hunts Point - Mott Haven","Summer 2022","2022-06-01T00:00:00.000","13.42292044",
"827031","386","Ozone (O3)","Mean","ppb","CD","206","Belmont and East Tremont (CD6)","Summer 2022","2022-06-01T00:00:00.000","31.87381866",
"823355","365","Fine particles (PM 2.5)","Mean","mcg/m3","UHF34","105106107","South Bronx","Summer 2022","2022-06-01T00:00:00.000","7.172127638",
"823448","365","Fine particles (PM 2.5)","Mean","mcg/m3","UHF34","103","Fordham - Bronx Pk","Summer 2022","2022-06-01T00:00:00.000","7.129036078",
"827141","386","Ozone (O3)","Mean","ppb","UHF42","103","Fordham - Bronx Pk","Summer 2022","2022-06-01T00:00:00.000","31.666184",
"823451","365","Fine particles (PM 2.5)","Mean","mcg/m3","UHF34","102","Northeast Bronx","Summer 2022","2022-06-01T00:00:00.000","7.076424758",
"823170","365","Fine particles (PM 2.5)","Mean","mcg/m3","CD","206","Belmont and East Tremont (CD6)","Summer 2022","2022-06-01T00:00:00.000","7.222086973",
"827138","386","Ozone (O3)","Mean","ppb","UHF42","106","High Bridge - Morrisania","Summer 2022","2022-06-01T00:00:00.000","31.51181153",
"825781","375","Nitrogen dioxide (NO2)","Mean","ppb","UHF42","106","High Bridge - Morrisania","Summer 2022","2022-06-01T00:00:00.000","13.57753358",
"826028","375","Nitrogen dioxide (NO2)","Mean","ppb","CD","211","Morris Park and Bronxdale (CD11)","Summer 2022","2022-06-01T00:00:00.000","11.54096786",
"825813","375","Nitrogen dioxide (NO2)","Mean","ppb","CD","201","Mott Haven and Melrose (CD1)","Summer 2022","2022-06-01T00:00:00.000","14.0495527",
"823340","365","Fine particles (PM 2.5)","Mean","mcg/m3","Borough","1","Bronx","Summer 2022","2022-06-01T00:00:00.000","7.094758673",
"823307","365","Fine particles (PM 2.5)","Mean","mcg/m3","UHF42","107","Hunts Point - Mott Haven","Summer 2022","2022-06-01T00:00:00.000","7.222672542",
"826004","375","Nitrogen dioxide (NO2)","Mean","ppb","CD","203","Morrisania and Crotona (CD3)","Summer 2022","2022-06-01T00:00:00.000","13.14774864",
"823155","365","Fine particles (PM 2.5)","Mean","mcg/m3","CD","201","Mott Haven and Melrose (CD1)","Summer 2022","2022-06-01T00:00:00.000","7.163027195",
"827137","386","Ozone (O3)","Mean","ppb","UHF42","107","Hunts Point - Mott Haven","Summer 2022","2022-06-01T00:00:00.000","32.90099328",
"827148","386","Ozone (O3)","Mean","ppb","Borough","1","Bronx","Summer 2022","2022-06-01T00:00:00.000","32.24398188",
"827034","386","Ozone (O3)","Mean","ppb","CD","203","Morrisania and Crotona (CD3)","Summer 2022","2022-06-01T00:00:00.000","31.78021728",
"823185","365","Fine particles (PM 2.5)","Mean","mcg/m3","CD","211","Morris Park and Bronxdale (CD11)","Summer 2022","2022-06-01T00:00:00.000","7.072485394",
"827050","386","Ozone (O3)","Mean","ppb","UHF34","105106107","South Bronx","Summer 2022","2022-06-01T00:00:00.000","32.05465056",
"823161","365","Fine particles (PM 2.5)","Mean","mcg/m3","CD","203","Morrisania and Crotona (CD3)","Summer 2022","2022-06-01T00:00:00.000","7.220292085",
"827139","386","Ozone (O3)","Mean","ppb","UHF42","105","Crotona -Tremont","Summer 2022","2022-06-01T00:00:00.000","31.38884935",
"827035","386","Ozone (O3)","Mean","ppb","CD","202","Hunts Point and Longwood (CD2)","Summer 2022","2022-06-01T00:00:00.000","32.82476154",
"827033","386","Ozone (O3)","Mean","ppb","CD","204","Highbridge and Concourse (CD4)","Summer 2022","2022-06-01T00:00:00.000","31.28909381",
"825793","375","Nitrogen dioxide (NO2)","Mean","ppb","UHF42","102","Northeast Bronx","Summer 2022","2022-06-01T00:00:00.000","11.61930339",
"823167","365","Fine particles (PM 2.5)","Mean","mcg/m3","CD","205","Fordham and University Heights (CD5)","Summer 2022","2022-06-01T00:00:00.000","7.122674797",
"827082","386","Ozone (O3)","Mean","ppb","UHF34","102","Northeast Bronx","Summer 2022","2022-06-01T00:00:00.000","32.19846713",
"823158","365","Fine particles (PM 2.5)","Mean","mcg/m3","CD","202","Hunts Point and Longwood (CD2)","Summer 2022","2022-06-01T00:00:00.000","7.453216161",
"823322","365","Fine particles (PM 2.5)","Mean","mcg/m3","UHF42","102","Northeast Bronx","Summer 2022","2022-06-01T00:00:00.000","7.076432621",
"827081","386","Ozone (O3)","Mean","ppb","UHF34","103","Fordham - Bronx Pk","Summer 2022","2022-06-01T00:00:00.000","31.666184",
"826013","375","Nitrogen dioxide (NO2)","Mean","ppb","CD","206","Belmont and East Tremont (CD6)","Summer 2022","2022-06-01T00:00:00.000","12.9620984",
"827036","386","Ozone (O3)","Mean","ppb","CD","201","Mott Haven and Melrose (CD1)","Summer 2022","2022-06-01T00:00:00.000","31.85882124",
"825970","375","Nitrogen dioxide (NO2)","Mean","ppb","UHF34","103","Fordham - Bronx Pk","Summer 2022","2022-06-01T00:00:00.000","11.52139831",
"823310","365","Fine particles (PM 2.5)","Mean","mcg/m3","UHF42","106","High Bridge - Morrisania","Summer 2022","2022-06-01T00:00:00.000","7.075342639",
"823164","365","Fine particles (PM 2.5)","Mean","mcg/m3","CD","204","Highbridge and Concourse (CD4)","Summer 2022","2022-06-01T00:00:00.000","7.059353902",
"825973","375","Nitrogen dioxide (NO2)","Mean","ppb","UHF34","102","Northeast Bronx","Summer 2022","2022-06-01T00:00:00.000","11.61931835",
"825790","375","Nitrogen dioxide (NO2)","Mean","ppb","UHF42","103","Fordham - Bronx Pk","Summer 2022","2022-06-01T00:00:00.000","11.52139831",
"826001","375","Nitrogen dioxide (NO2)","Mean","ppb","CD","202","Hunts Point and Longwood (CD2)","Summer 2022","2022-06-01T00:00:00.000","14.15757339",
"823313","365","Fine particles (PM 2.5)","Mean","mcg/m3","UHF42","105","Crotona -Tremont","Summer 2022","2022-06-01T00:00:00.000","7.191219229",
"827032","386","Ozone (O3)","Mean","ppb","CD","205","Fordham and University Heights (CD5)","Summer 2022","2022-06-01T00:00:00.000","31.19725069",
"827026","386","Ozone (O3)","Mean","ppb","CD","211","Morris Park and Bronxdale (CD11)","Summer 2022","2022-06-01T00:00:00.000","32.7976337",
"826007","375","Nitrogen dioxide (NO2)","Mean","ppb","CD","204","Highbridge and Concourse (CD4)","Summer 2022","2022-06-01T00:00:00.000","13.73915166",
"826014","375","Nitrogen dioxide (NO2)","Mean","ppb","CD","206","Belmont and East Tremont (CD6)","Annual Average 2022","2022-01-01T00:00:00.000","16.58853866",
"823321","365","Fine particles (PM 2.5)","Mean","mcg/m3","UHF42","102","Northeast Bronx","Annual Average 2022","2022-01-01T00:00:00.000","6.03261533",
"825792","375","Nitrogen dioxide (NO2)","Mean","ppb","UHF42","102","Northeast Bronx","Annual Average 2022","2022-01-01T00:00:00.000","15.40448714",
"825783","375","Nitrogen dioxide (NO2)","Mean","ppb","UHF42","105","Crotona -Tremont","Annual Average 2022","2022-01-01T00:00:00.000","17.15201747",
"823159","365","Fine particles (PM 2.5)","Mean","mcg/m3","CD","202","Hunts Point and Longwood (CD2)","Annual Average 2022","2022-01-01T00:00:00.000","6.515231572",
"826011","375","Nitrogen dioxide (NO2)","Mean","ppb","CD","205","Fordham and University Heights (CD5)","Annual Average 2022","2022-01-01T00:00:00.000","17.1330789",
"825999","375","Nitrogen dioxide (NO2)","Mean","ppb","CD","201","Mott Haven and Melrose (CD1)","Annual Average 2022","2022-01-01T00:00:00.000","17.82998989",
"823309","365","Fine particles (PM 2.5)","Mean","mcg/m3","UHF42","106","High Bridge - Morrisania","Annual Average 2022","2022-01-01T00:00:00.000","6.067705336",
"825854","375","Nitrogen dioxide (NO2)","Mean","ppb","UHF34","105106107","South Bronx","Annual Average 2022","2022-01-01T00:00:00.000","17.25017525",
"825789","375","Nitrogen dioxide (NO2)","Mean","ppb","UHF42","103","Fordham - Bronx Pk","Annual Average 2022","2022-01-01T00:00:00.000","15.34528147",
"823312","365","Fine particles (PM 2.5)","Mean","mcg/m3","UHF42","105","Crotona -Tremont","Annual Average 2022","2022-01-01T00:00:00.000","6.232981101",
"823306","365","Fine particles (PM 2.5)","Mean","mcg/m3","UHF42","107","Hunts Point - Mott Haven","Annual Average 2022","2022-01-01T00:00:00.000","6.24082796",
"826002","375","Nitrogen dioxide (NO2)","Mean","ppb","CD","202","Hunts Point and Longwood (CD2)","Annual Average 2022","2022-01-01T00:00:00.000","18.11608953",
"825969","375","Nitrogen dioxide (NO2)","Mean","ppb","UHF34","103","Fordham - Bronx Pk","Annual Average 2022","2022-01-01T00:00:00.000","15.34528147",
"823186","365","Fine particles (PM 2.5)","Mean","mcg/m3","CD","211","Morris Park and Bronxdale (CD11)","Annual Average 2022","2022-01-01T00:00:00.000","6.094025419",
"826029","375","Nitrogen dioxide (NO2)","Mean","ppb","CD","211","Morris Park and Bronxdale (CD11)","Annual Average 2022","2022-01-01T00:00:00.000","15.41922074",
"825780","375","Nitrogen dioxide (NO2)","Mean","ppb","UHF42","106","High Bridge - Morrisania","Annual Average 2022","2022-01-01T00:00:00.000","17.20522688",
"823156","365","Fine particles (PM 2.5)","Mean","mcg/m3","CD","201","Mott Haven and Melrose (CD1)","Annual Average 2022","2022-01-01T00:00:00.000","6.123500683",
"826008","375","Nitrogen dioxide (NO2)","Mean","ppb","CD","204","Highbridge and Concourse (CD4)","Annual Average 2022","2022-01-01T00:00:00.000","17.26282689",
"823162","365","Fine particles (PM 2.5)","Mean","mcg/m3","CD","203","Morrisania and Crotona (CD3)","Annual Average 2022","2022-01-01T00:00:00.000","6.29030656",
"823318","365","Fine particles (PM 2.5)","Mean","mcg/m3","UHF42","103","Fordham - Bronx Pk","Annual Average 2022","2022-01-01T00:00:00.000","6.126579475",
"823339","365","Fine particles (PM 2.5)","Mean","mcg/m3","Borough","1","Bronx","Annual Average 2022","2022-01-01T00:00:00.000","6.101699156",
"825810","375","Nitrogen dioxide (NO2)","Mean","ppb","Borough","1","Bronx","Annual Average 2022","2022-01-01T00:00:00.000","16.00255405",
"825777","375","Nitrogen dioxide (NO2)","Mean","ppb","UHF42","107","Hunts Point - Mott Haven","Annual Average 2022","2022-01-01T00:00:00.000","17.35166499",
"826005","375","Nitrogen dioxide (NO2)","Mean","ppb","CD","203","Morrisania and Crotona (CD3)","Annual Average 2022","2022-01-01T00:00:00.000","16.93232494",
"823165","365","Fine particles (PM 2.5)","Mean","mcg/m3","CD","204","Highbridge and Concourse (CD4)","Annual Average 2022","2022-01-01T00:00:00.000","6.038090123",
"825972","375","Nitrogen dioxide (NO2)","Mean","ppb","UHF34","102","Northeast Bronx","Annual Average 2022","2022-01-01T00:00:00.000","15.40449668",
"823354","365","Fine particles (PM 2.5)","Mean","mcg/m3","UHF34","105106107","South Bronx","Annual Average 2022","2022-01-01T00:00:00.000","6.190293563",
"823168","365","Fine particles (PM 2.5)","Mean","mcg/m3","CD","205","Fordham and University Heights (CD5)","Annual Average 2022","2022-01-01T00:00:00.000","6.123150287",
"823450","365","Fine particles (PM 2.5)","Mean","mcg/m3","UHF34","102","Northeast Bronx","Annual Average 2022","2022-01-01T00:00:00.000","6.032611817",
"823447","365","Fine particles (PM 2.5)","Mean","mcg/m3","UHF34","103","Fordham - Bronx Pk","Annual Average 2022","2022-01-01T00:00:00.000","6.126579475",
"823171","365","Fine particles (PM 2.5)","Mean","mcg/m3","CD","206","Belmont and East Tremont (CD6)","Annual Average 2022","2022-01-01T00:00:00.000","6.308894366",
"823188","365","Fine particles (PM 2.5)","Mean","mcg/m3","CD","201","Mott Haven and Melrose (CD1)","Winter 2021-22","2021-12-01T00:00:00.000","7.083975811",
"826027","375","Nitrogen dioxide (NO2)","Mean","ppb","CD","211","Morris Park and Bronxdale (CD11)","Winter 2021-22","2021-12-01T00:00:00.000","21.49725123",
"825812","375","Nitrogen dioxide (NO2)","Mean","ppb","Borough","1","Bronx","Winter 2021-22","2021-12-01T00:00:00.000","21.75065849",
"823323","365","Fine particles (PM 2.5)","Mean","mcg/m3","UHF42","102","Northeast Bronx","Winter 2021-22","2021-12-01T00:00:00.000","7.30175338",
"823311","365","Fine particles (PM 2.5)","Mean","mcg/m3","UHF42","106","High Bridge - Morrisania","Winter 2021-22","2021-12-01T00:00:00.000","7.077733735",
"826000","375","Nitrogen dioxide (NO2)","Mean","ppb","CD","202","Hunts Point and Longwood (CD2)","Winter 2021-22","2021-12-01T00:00:00.000","24.47918464",
"825971","375","Nitrogen dioxide (NO2)","Mean","ppb","UHF34","103","Fordham - Bronx Pk","Winter 2021-22","2021-12-01T00:00:00.000","21.05258179",
"823184","365","Fine particles (PM 2.5)","Mean","mcg/m3","CD","211","Morris Park and Bronxdale (CD11)","Winter 2021-22","2021-12-01T00:00:00.000","7.332284828",
"826003","375","Nitrogen dioxide (NO2)","Mean","ppb","CD","203","Morrisania and Crotona (CD3)","Winter 2021-22","2021-12-01T00:00:00.000","22.69667171",
"823452","365","Fine particles (PM 2.5)","Mean","mcg/m3","UHF34","102","Northeast Bronx","Winter 2021-22","2021-12-01T00:00:00.000","7.301746753",
"825782","375","Nitrogen dioxide (NO2)","Mean","ppb","UHF42","106","High Bridge - Morrisania","Winter 2021-22","2021-12-01T00:00:00.000","22.49003252",
"825785","375","Nitrogen dioxide (NO2)","Mean","ppb","UHF42","105","Crotona -Tremont","Winter 2021-22","2021-12-01T00:00:00.000","22.44201078",
"823308","365","Fine particles (PM 2.5)","Mean","mcg/m3","UHF42","107","Hunts Point - Mott Haven","Winter 2021-22","2021-12-01T00:00:00.000","7.286723462",
"823341","365","Fine particles (PM 2.5)","Mean","mcg/m3","Borough","1","Bronx","Winter 2021-22","2021-12-01T00:00:00.000","7.265326705",
"826009","375","Nitrogen dioxide (NO2)","Mean","ppb","CD","205","Fordham and University Heights (CD5)","Winter 2021-22","2021-12-01T00:00:00.000","22.18287531",
"825814","375","Nitrogen dioxide (NO2)","Mean","ppb","CD","201","Mott Haven and Melrose (CD1)","Winter 2021-22","2021-12-01T00:00:00.000","23.4564059",
"823163","365","Fine particles (PM 2.5)","Mean","mcg/m3","CD","204","Highbridge and Concourse (CD4)","Winter 2021-22","2021-12-01T00:00:00.000","7.040065585",
"823157","365","Fine particles (PM 2.5)","Mean","mcg/m3","CD","202","Hunts Point and Longwood (CD2)","Winter 2021-22","2021-12-01T00:00:00.000","7.632038452",
"823320","365","Fine particles (PM 2.5)","Mean","mcg/m3","UHF42","103","Fordham - Bronx Pk","Winter 2021-22","2021-12-01T00:00:00.000","7.350776341",
"826012","375","Nitrogen dioxide (NO2)","Mean","ppb","CD","206","Belmont and East Tremont (CD6)","Winter 2021-22","2021-12-01T00:00:00.000","22.12866491",
"823160","365","Fine particles (PM 2.5)","Mean","mcg/m3","CD","203","Morrisania and Crotona (CD3)","Winter 2021-22","2021-12-01T00:00:00.000","7.407894723",
"825856","375","Nitrogen dioxide (NO2)","Mean","ppb","UHF34","105106107","South Bronx","Winter 2021-22","2021-12-01T00:00:00.000","22.85584381",
"823314","365","Fine particles (PM 2.5)","Mean","mcg/m3","UHF42","105","Crotona -Tremont","Winter 2021-22","2021-12-01T00:00:00.000","7.346079748",
"823356","365","Fine particles (PM 2.5)","Mean","mcg/m3","UHF34","105106107","South Bronx","Winter 2021-22","2021-12-01T00:00:00.000","7.246660099",
"826006","375","Nitrogen dioxide (NO2)","Mean","ppb","CD","204","Highbridge and Concourse (CD4)","Winter 2021-22","2021-12-01T00:00:00.000","22.31609544",
"823166","365","Fine particles (PM 2.5)","Mean","mcg/m3","CD","205","Fordham and University Heights (CD5)","Winter 2021-22","2021-12-01T00:00:00.000","7.212346386",
"825779","375","Nitrogen dioxide (NO2)","Mean","ppb","UHF42","107","Hunts Point - Mott Haven","Winter 2021-22","2021-12-01T00:00:00.000","23.4007227",
"823169","365","Fine particles (PM 2.5)","Mean","mcg/m3","CD","206","Belmont and East Tremont (CD6)","Winter 2021-22","2021-12-01T00:00:00.000","7.475861252",
"825974","375","Nitrogen dioxide (NO2)","Mean","ppb","UHF34","102","Northeast Bronx","Winter 2021-22","2021-12-01T00:00:00.000","21.25009433",
"825791","375","Nitrogen dioxide (NO2)","Mean","ppb","UHF42","103","Fordham - Bronx Pk","Winter 2021-22","2021-12-01T00:00:00.000","21.05258179",
"823449","365","Fine particles (PM 2.5)","Mean","mcg/m3","UHF34","103","Fordham - Bronx Pk","Winter 2021-22","2021-12-01T00:00:00.000","7.350776341",
"825794","375","Nitrogen dioxide (NO2)","Mean","ppb","UHF42","102","Northeast Bronx","Winter 2021-22","2021-12-01T00:00:00.000","21.25008973",
"742433","365","Fine particles (PM 2.5)","Mean","mcg/m3","CD","202","Hunts Point and Longwood (CD2)","Summer 2021","2021-06-01T00:00:00.000","9.30273131",
"743632","386","Ozone (O3)","Mean","ppb","CD","206","Belmont and East Tremont (CD6)","Summer 2021","2021-06-01T00:00:00.000","29.51624125",
"743721","386","Ozone (O3)","Mean","ppb","UHF42","106","High Bridge - Morrisania","Summer 2021","2021-06-01T00:00:00.000","29.20256483",
"743722","386","Ozone (O3)","Mean","ppb","UHF42","105","Crotona -Tremont","Summer 2021","2021-06-01T00:00:00.000","28.97885562",
"742178","365","Fine particles (PM 2.5)","Mean","mcg/m3","UHF42","106","High Bridge - Morrisania","Summer 2021","2021-06-01T00:00:00.000","8.597426702",
"743635","386","Ozone (O3)","Mean","ppb","CD","203","Morrisania and Crotona (CD3)","Summer 2021","2021-06-01T00:00:00.000","29.4412256",
"742166","365","Fine particles (PM 2.5)","Mean","mcg/m3","UHF42","102","Northeast Bronx","Summer 2021","2021-06-01T00:00:00.000","8.537768679",
"743683","386","Ozone (O3)","Mean","ppb","UHF34","102","Northeast Bronx","Summer 2021","2021-06-01T00:00:00.000","30.37267924",
"742292","365","Fine particles (PM 2.5)","Mean","mcg/m3","UHF34","102","Northeast Bronx","Summer 2021","2021-06-01T00:00:00.000","8.537764781",
"743725","386","Ozone (O3)","Mean","ppb","UHF42","102","Northeast Bronx","Summer 2021","2021-06-01T00:00:00.000","30.37266906",
"742445","365","Fine particles (PM 2.5)","Mean","mcg/m3","CD","206","Belmont and East Tremont (CD6)","Summer 2021","2021-06-01T00:00:00.000","8.775066774",
"743633","386","Ozone (O3)","Mean","ppb","CD","205","Fordham and University Heights (CD5)","Summer 2021","2021-06-01T00:00:00.000","28.87391329",
"743731","386","Ozone (O3)","Mean","ppb","Borough","1","Bronx","Summer 2021","2021-06-01T00:00:00.000","29.84281447",
"743720","386","Ozone (O3)","Mean","ppb","UHF42","107","Hunts Point - Mott Haven","Summer 2021","2021-06-01T00:00:00.000","29.45204851",
"741161","375","Nitrogen dioxide (NO2)","Mean","ppb","CD","201","Mott Haven and Melrose (CD1)","Summer 2021","2021-06-01T00:00:00.000","15.25781582",
"742388","365","Fine particles (PM 2.5)","Mean","mcg/m3","UHF34","105106107","South Bronx","Summer 2021","2021-06-01T00:00:00.000","8.792481229",
"742181","365","Fine particles (PM 2.5)","Mean","mcg/m3","UHF42","107","Hunts Point - Mott Haven","Summer 2021","2021-06-01T00:00:00.000","8.966066841",
"740897","375","Nitrogen dioxide (NO2)","Mean","ppb","UHF42","102","Northeast Bronx","Summer 2021","2021-06-01T00:00:00.000","12.38240673",
"740906","375","Nitrogen dioxide (NO2)","Mean","ppb","UHF42","105","Crotona -Tremont","Summer 2021","2021-06-01T00:00:00.000","13.8190272",
"740909","375","Nitrogen dioxide (NO2)","Mean","ppb","UHF42","106","High Bridge - Morrisania","Summer 2021","2021-06-01T00:00:00.000","14.18961104",
"741164","375","Nitrogen dioxide (NO2)","Mean","ppb","CD","202","Hunts Point and Longwood (CD2)","Summer 2021","2021-06-01T00:00:00.000","16.1878592",
"741191","375","Nitrogen dioxide (NO2)","Mean","ppb","CD","211","Morris Park and Bronxdale (CD11)","Summer 2021","2021-06-01T00:00:00.000","12.59780177",
"742460","365","Fine particles (PM 2.5)","Mean","mcg/m3","CD","211","Morris Park and Bronxdale (CD11)","Summer 2021","2021-06-01T00:00:00.000","8.59284468",
"743637","386","Ozone (O3)","Mean","ppb","CD","201","Mott Haven and Melrose (CD1)","Summer 2021","2021-06-01T00:00:00.000","28.78265953",
"741170","375","Nitrogen dioxide (NO2)","Mean","ppb","CD","204","Highbridge and Concourse (CD4)","Summer 2021","2021-06-01T00:00:00.000","14.26112959",
"740879","375","Nitrogen dioxide (NO2)","Mean","ppb","Borough","1","Bronx","Summer 2021","2021-06-01T00:00:00.000","12.82602654",
"743627","386","Ozone (O3)","Mean","ppb","CD","211","Morris Park and Bronxdale (CD11)","Summer 2021","2021-06-01T00:00:00.000","30.32349454",
"743651","386","Ozone (O3)","Mean","ppb","UHF34","105106107","South Bronx","Summer 2021","2021-06-01T00:00:00.000","29.23857616",
"741026","375","Nitrogen dioxide (NO2)","Mean","ppb","UHF34","103","Fordham - Bronx Pk","Summer 2021","2021-06-01T00:00:00.000","12.14542185",
"743636","386","Ozone (O3)","Mean","ppb","CD","202","Hunts Point and Longwood (CD2)","Summer 2021","2021-06-01T00:00:00.000","29.13468987",
"743634","386","Ozone (O3)","Mean","ppb","CD","204","Highbridge and Concourse (CD4)","Summer 2021","2021-06-01T00:00:00.000","28.92267014",
"741167","375","Nitrogen dioxide (NO2)","Mean","ppb","CD","203","Morrisania and Crotona (CD3)","Summer 2021","2021-06-01T00:00:00.000","13.42672839",
"742430","365","Fine particles (PM 2.5)","Mean","mcg/m3","CD","201","Mott Haven and Melrose (CD1)","Summer 2021","2021-06-01T00:00:00.000","8.800424193",
"743682","386","Ozone (O3)","Mean","ppb","UHF34","103","Fordham - Bronx Pk","Summer 2021","2021-06-01T00:00:00.000","29.99755964",
"741023","375","Nitrogen dioxide (NO2)","Mean","ppb","UHF34","102","Northeast Bronx","Summer 2021","2021-06-01T00:00:00.000","12.38239402",
"741176","375","Nitrogen dioxide (NO2)","Mean","ppb","CD","206","Belmont and East Tremont (CD6)","Summer 2021","2021-06-01T00:00:00.000","13.52388045",
"742295","365","Fine particles (PM 2.5)","Mean","mcg/m3","UHF34","103","Fordham - Bronx Pk","Summer 2021","2021-06-01T00:00:00.000","8.667146661",
"742148","365","Fine particles (PM 2.5)","Mean","mcg/m3","Borough","1","Bronx","Summer 2021","2021-06-01T00:00:00.000","8.64081859",
"741119","375","Nitrogen dioxide (NO2)","Mean","ppb","UHF34","105106107","South Bronx","Summer 2021","2021-06-01T00:00:00.000","14.46094161",
"742436","365","Fine particles (PM 2.5)","Mean","mcg/m3","CD","203","Morrisania and Crotona (CD3)","Summer 2021","2021-06-01T00:00:00.000","8.708202888",
"742175","365","Fine particles (PM 2.5)","Mean","mcg/m3","UHF42","105","Crotona -Tremont","Summer 2021","2021-06-01T00:00:00.000","8.73257354",
"742169","365","Fine particles (PM 2.5)","Mean","mcg/m3","UHF42","103","Fordham - Bronx Pk","Summer 2021","2021-06-01T00:00:00.000","8.667146661",
"742442","365","Fine particles (PM 2.5)","Mean","mcg/m3","CD","205","Fordham and University Heights (CD5)","Summer 2021","2021-06-01T00:00:00.000","8.70723276",
"742439","365","Fine particles (PM 2.5)","Mean","mcg/m3","CD","204","Highbridge and Concourse (CD4)","Summer 2021","2021-06-01T00:00:00.000","8.599256117",
"740912","375","Nitrogen dioxide (NO2)","Mean","ppb","UHF42","107","Hunts Point - Mott Haven","Summer 2021","2021-06-01T00:00:00.000","15.1106655",
"743724","386","Ozone (O3)","Mean","ppb","UHF42","103","Fordham - Bronx Pk","Summer 2021","2021-06-01T00:00:00.000","29.99755964",
"740900","375","Nitrogen dioxide (NO2)","Mean","ppb","UHF42","103","Fordham - Bronx Pk","Summer 2021","2021-06-01T00:00:00.000","12.14542185",
"741173","375","Nitrogen dioxide (NO2)","Mean","ppb","CD","205","Fordham and University Heights (CD5)","Summer 2021","2021-06-01T00:00:00.000","14.28404872",
"741171","375","Nitrogen dioxide (NO2)","Mean","ppb","CD","204","Highbridge and Concourse (CD4)","Annual Average 2021","2021-01-01T00:00:00.000","18.11253001",
"741165","375","Nitrogen dioxide (NO2)","Mean","ppb","CD","202","Hunts Point and Longwood (CD2)","Annual Average 2021","2021-01-01T00:00:00.000","19.30604564",
"742170","365","Fine particles (PM 2.5)","Mean","mcg/m3","UHF42","103","Fordham - Bronx Pk","Annual Average 2021","2021-01-01T00:00:00.000","6.58259927",
"742296","365","Fine particles (PM 2.5)","Mean","mcg/m3","UHF34","103","Fordham - Bronx Pk","Annual Average 2021","2021-01-01T00:00:00.000","6.58259927",
"742434","365","Fine particles (PM 2.5)","Mean","mcg/m3","CD","202","Hunts Point and Longwood (CD2)","Annual Average 2021","2021-01-01T00:00:00.000","7.291174225",
"741168","375","Nitrogen dioxide (NO2)","Mean","ppb","CD","203","Morrisania and Crotona (CD3)","Annual Average 2021","2021-01-01T00:00:00.000","17.31831844",
"741177","375","Nitrogen dioxide (NO2)","Mean","ppb","CD","206","Belmont and East Tremont (CD6)","Annual Average 2021","2021-01-01T00:00:00.000","17.35749835",
"741024","375","Nitrogen dioxide (NO2)","Mean","ppb","UHF34","102","Northeast Bronx","Annual Average 2021","2021-01-01T00:00:00.000","15.97800446",
"741192","375","Nitrogen dioxide (NO2)","Mean","ppb","CD","211","Morris Park and Bronxdale (CD11)","Annual Average 2021","2021-01-01T00:00:00.000","16.29302101",
"742446","365","Fine particles (PM 2.5)","Mean","mcg/m3","CD","206","Belmont and East Tremont (CD6)","Annual Average 2021","2021-01-01T00:00:00.000","6.804737138",
"742443","365","Fine particles (PM 2.5)","Mean","mcg/m3","CD","205","Fordham and University Heights (CD5)","Annual Average 2021","2021-01-01T00:00:00.000","6.764031186",
"742440","365","Fine particles (PM 2.5)","Mean","mcg/m3","CD","204","Highbridge and Concourse (CD4)","Annual Average 2021","2021-01-01T00:00:00.000","6.654364052",
"740898","375","Nitrogen dioxide (NO2)","Mean","ppb","UHF42","102","Northeast Bronx","Annual Average 2021","2021-01-01T00:00:00.000","15.97800832",
"742431","365","Fine particles (PM 2.5)","Mean","mcg/m3","CD","201","Mott Haven and Melrose (CD1)","Annual Average 2021","2021-01-01T00:00:00.000","6.842618821",
"742149","365","Fine particles (PM 2.5)","Mean","mcg/m3","Borough","1","Bronx","Annual Average 2021","2021-01-01T00:00:00.000","6.644257031",
"740880","375","Nitrogen dioxide (NO2)","Mean","ppb","Borough","1","Bronx","Annual Average 2021","2021-01-01T00:00:00.000","16.54096158",
"740901","375","Nitrogen dioxide (NO2)","Mean","ppb","UHF42","103","Fordham - Bronx Pk","Annual Average 2021","2021-01-01T00:00:00.000","16.03453373",
"740910","375","Nitrogen dioxide (NO2)","Mean","ppb","UHF42","106","High Bridge - Morrisania","Annual Average 2021","2021-01-01T00:00:00.000","18.04002412",
"742461","365","Fine particles (PM 2.5)","Mean","mcg/m3","CD","211","Morris Park and Bronxdale (CD11)","Annual Average 2021","2021-01-01T00:00:00.000","6.55246426",
"741120","375","Nitrogen dioxide (NO2)","Mean","ppb","UHF34","105106107","South Bronx","Annual Average 2021","2021-01-01T00:00:00.000","18.11753712",
"741027","375","Nitrogen dioxide (NO2)","Mean","ppb","UHF34","103","Fordham - Bronx Pk","Annual Average 2021","2021-01-01T00:00:00.000","16.03453373",
"742293","365","Fine particles (PM 2.5)","Mean","mcg/m3","UHF34","102","Northeast Bronx","Annual Average 2021","2021-01-01T00:00:00.000","6.493490746",
"742437","365","Fine particles (PM 2.5)","Mean","mcg/m3","CD","203","Morrisania and Crotona (CD3)","Annual Average 2021","2021-01-01T00:00:00.000","6.698096695",
"742179","365","Fine particles (PM 2.5)","Mean","mcg/m3","UHF42","106","High Bridge - Morrisania","Annual Average 2021","2021-01-01T00:00:00.000","6.629757249",
"742182","365","Fine particles (PM 2.5)","Mean","mcg/m3","UHF42","107","Hunts Point - Mott Haven","Annual Average 2021","2021-01-01T00:00:00.000","6.979984447",
"742389","365","Fine particles (PM 2.5)","Mean","mcg/m3","UHF34","105106107","South Bronx","Annual Average 2021","2021-01-01T00:00:00.000","6.826255998",
"742176","365","Fine particles (PM 2.5)","Mean","mcg/m3","UHF42","105","Crotona -Tremont","Annual Average 2021","2021-01-01T00:00:00.000","6.794969345",
"742167","365","Fine particles (PM 2.5)","Mean","mcg/m3","UHF42","102","Northeast Bronx","Annual Average 2021","2021-01-01T00:00:00.000","6.493489505",
"741174","375","Nitrogen dioxide (NO2)","Mean","ppb","CD","205","Fordham and University Heights (CD5)","Annual Average 2021","2021-01-01T00:00:00.000","18.11829898",
"740913","375","Nitrogen dioxide (NO2)","Mean","ppb","UHF42","107","Hunts Point - Mott Haven","Annual Average 2021","2021-01-01T00:00:00.000","18.51667627",
"740907","375","Nitrogen dioxide (NO2)","Mean","ppb","UHF42","105","Crotona -Tremont","Annual Average 2021","2021-01-01T00:00:00.000","17.64194468",
"741162","375","Nitrogen dioxide (NO2)","Mean","ppb","CD","201","Mott Haven and Melrose (CD1)","Annual Average 2021","2021-01-01T00:00:00.000","18.74887523",
"742165","365","Fine particles (PM 2.5)","Mean","mcg/m3","UHF42","102","Northeast Bronx","Winter 2020-21","2020-12-01T00:00:00.000","6.322058055",
"742168","365","Fine particles (PM 2.5)","Mean","mcg/m3","UHF42","103","Fordham - Bronx Pk","Winter 2020-21","2020-12-01T00:00:00.000","6.408438312",
"742435","365","Fine particles (PM 2.5)","Mean","mcg/m3","CD","203","Morrisania and Crotona (CD3)","Winter 2020-21","2020-12-01T00:00:00.000","6.632313723",
"742147","365","Fine particles (PM 2.5)","Mean","mcg/m3","Borough","1","Bronx","Winter 2020-21","2020-12-01T00:00:00.000","6.56557709",
"741022","375","Nitrogen dioxide (NO2)","Mean","ppb","UHF34","102","Northeast Bronx","Winter 2020-21","2020-12-01T00:00:00.000","19.18249501",
"741175","375","Nitrogen dioxide (NO2)","Mean","ppb","CD","206","Belmont and East Tremont (CD6)","Winter 2020-21","2020-12-01T00:00:00.000","20.68311406",
"740911","375","Nitrogen dioxide (NO2)","Mean","ppb","UHF42","107","Hunts Point - Mott Haven","Winter 2020-21","2020-12-01T00:00:00.000","21.86906445",
"741160","375","Nitrogen dioxide (NO2)","Mean","ppb","CD","201","Mott Haven and Melrose (CD1)","Winter 2020-21","2020-12-01T00:00:00.000","22.11981526",
"742387","365","Fine particles (PM 2.5)","Mean","mcg/m3","UHF34","105106107","South Bronx","Winter 2020-21","2020-12-01T00:00:00.000","6.835494527",
"742177","365","Fine particles (PM 2.5)","Mean","mcg/m3","UHF42","106","High Bridge - Morrisania","Winter 2020-21","2020-12-01T00:00:00.000","6.588964424",
"740905","375","Nitrogen dioxide (NO2)","Mean","ppb","UHF42","105","Crotona -Tremont","Winter 2020-21","2020-12-01T00:00:00.000","20.93965076",
"742291","365","Fine particles (PM 2.5)","Mean","mcg/m3","UHF34","102","Northeast Bronx","Winter 2020-21","2020-12-01T00:00:00.000","6.322062625",
"741172","375","Nitrogen dioxide (NO2)","Mean","ppb","CD","205","Fordham and University Heights (CD5)","Winter 2020-21","2020-12-01T00:00:00.000","21.33647876",
"740896","375","Nitrogen dioxide (NO2)","Mean","ppb","UHF42","102","Northeast Bronx","Winter 2020-21","2020-12-01T00:00:00.000","19.18248894",
"742174","365","Fine particles (PM 2.5)","Mean","mcg/m3","UHF42","105","Crotona -Tremont","Winter 2020-21","2020-12-01T00:00:00.000","6.759385889",
"740899","375","Nitrogen dioxide (NO2)","Mean","ppb","UHF42","103","Fordham - Bronx Pk","Winter 2020-21","2020-12-01T00:00:00.000","19.32926512",
"741163","375","Nitrogen dioxide (NO2)","Mean","ppb","CD","202","Hunts Point and Longwood (CD2)","Winter 2020-21","2020-12-01T00:00:00.000","22.37779025",
"741190","375","Nitrogen dioxide (NO2)","Mean","ppb","CD","211","Morris Park and Bronxdale (CD11)","Winter 2020-21","2020-12-01T00:00:00.000","19.65867567",
"740878","375","Nitrogen dioxide (NO2)","Mean","ppb","Borough","1","Bronx","Winter 2020-21","2020-12-01T00:00:00.000","19.91634153",
"742294","365","Fine particles (PM 2.5)","Mean","mcg/m3","UHF34","103","Fordham - Bronx Pk","Winter 2020-21","2020-12-01T00:00:00.000","6.408438312",
"742459","365","Fine particles (PM 2.5)","Mean","mcg/m3","CD","211","Morris Park and Bronxdale (CD11)","Winter 2020-21","2020-12-01T00:00:00.000","6.422725796",
"742432","365","Fine particles (PM 2.5)","Mean","mcg/m3","CD","202","Hunts Point and Longwood (CD2)","Winter 2020-21","2020-12-01T00:00:00.000","7.413674015",
"740908","375","Nitrogen dioxide (NO2)","Mean","ppb","UHF42","106","High Bridge - Morrisania","Winter 2020-21","2020-12-01T00:00:00.000","21.49521979",
"741025","375","Nitrogen dioxide (NO2)","Mean","ppb","UHF34","103","Fordham - Bronx Pk","Winter 2020-21","2020-12-01T00:00:00.000","19.32926512",
"742438","365","Fine particles (PM 2.5)","Mean","mcg/m3","CD","204","Highbridge and Concourse (CD4)","Winter 2020-21","2020-12-01T00:00:00.000","6.621893635",
"741169","375","Nitrogen dioxide (NO2)","Mean","ppb","CD","204","Highbridge and Concourse (CD4)","Winter 2020-21","2020-12-01T00:00:00.000","21.50564741",
"741118","375","Nitrogen dioxide (NO2)","Mean","ppb","UHF34","105106107","South Bronx","Winter 2020-21","2020-12-01T00:00:00.000","21.48186462",
"742444","365","Fine particles (PM 2.5)","Mean","mcg/m3","CD","206","Belmont and East Tremont (CD6)","Winter 2020-21","2020-12-01T00:00:00.000","6.73846038",
"742180","365","Fine particles (PM 2.5)","Mean","mcg/m3","UHF42","107","Hunts Point - Mott Haven","Winter 2020-21","2020-12-01T00:00:00.000","7.055217343",
"742441","365","Fine particles (PM 2.5)","Mean","mcg/m3","CD","205","Fordham and University Heights (CD5)","Winter 2020-21","2020-12-01T00:00:00.000","6.714223259",
"741166","375","Nitrogen dioxide (NO2)","Mean","ppb","CD","203","Morrisania and Crotona (CD3)","Winter 2020-21","2020-12-01T00:00:00.000","20.81815074",
"742429","365","Fine particles (PM 2.5)","Mean","mcg/m3","CD","201","Mott Haven and Melrose (CD1)","Winter 2020-21","2020-12-01T00:00:00.000","6.907172966",
"670977","386","Ozone (O3)","Mean","ppb","UHF42","103","Fordham - Bronx Pk","Summer 2020","2020-06-01T00:00:00.000","30.17",
"669824","365","Fine particles (PM 2.5)","Mean","mcg/m3","UHF42","105","Crotona -Tremont","Summer 2020","2020-06-01T00:00:00.000","7.34",
"667317","375","Nitrogen dioxide (NO2)","Mean","ppb","UHF34","102","Northeast Bronx","Summer 2020","2020-06-01T00:00:00.000","13",
"670890","386","Ozone (O3)","Mean","ppb","CD","201","Mott Haven and Melrose (CD1)","Summer 2020","2020-06-01T00:00:00.000","30.55",
"669851","365","Fine particles (PM 2.5)","Mean","mcg/m3","Borough","1","Bronx","Summer 2020","2020-06-01T00:00:00.000","7.24",
"667089","375","Nitrogen dioxide (NO2)","Mean","ppb","UHF42","106","High Bridge - Morrisania","Summer 2020","2020-06-01T00:00:00.000","14.75",
"667617","375","Nitrogen dioxide (NO2)","Mean","ppb","CD","205","Fordham and University Heights (CD5)","Summer 2020","2020-06-01T00:00:00.000","15.18",
"667065","375","Nitrogen dioxide (NO2)","Mean","ppb","UHF42","102","Northeast Bronx","Summer 2020","2020-06-01T00:00:00.000","13",
"670935","386","Ozone (O3)","Mean","ppb","UHF34","103","Fordham - Bronx Pk","Summer 2020","2020-06-01T00:00:00.000","30.17",
"669611","365","Fine particles (PM 2.5)","Mean","mcg/m3","UHF34","105106107","South Bronx","Summer 2020","2020-06-01T00:00:00.000","7.39",
"669830","365","Fine particles (PM 2.5)","Mean","mcg/m3","UHF42","103","Fordham - Bronx Pk","Summer 2020","2020-06-01T00:00:00.000","7.22",
"667611","375","Nitrogen dioxide (NO2)","Mean","ppb","CD","204","Highbridge and Concourse (CD4)","Summer 2020","2020-06-01T00:00:00.000","14.92",
"667605","375","Nitrogen dioxide (NO2)","Mean","ppb","CD","203","Morrisania and Crotona (CD3)","Summer 2020","2020-06-01T00:00:00.000","13.96",
"667083","375","Nitrogen dioxide (NO2)","Mean","ppb","UHF42","105","Crotona -Tremont","Summer 2020","2020-06-01T00:00:00.000","14.53",
"667623","375","Nitrogen dioxide (NO2)","Mean","ppb","CD","206","Belmont and East Tremont (CD6)","Summer 2020","2020-06-01T00:00:00.000","14.19",
"670975","386","Ozone (O3)","Mean","ppb","UHF42","105","Crotona -Tremont","Summer 2020","2020-06-01T00:00:00.000","30.15",
"669876","365","Fine particles (PM 2.5)","Mean","mcg/m3","CD","211","Morris Park and Bronxdale (CD11)","Summer 2020","2020-06-01T00:00:00.000","7.17",
"670978","386","Ozone (O3)","Mean","ppb","UHF42","102","Northeast Bronx","Summer 2020","2020-06-01T00:00:00.000","30.85",
"669833","365","Fine particles (PM 2.5)","Mean","mcg/m3","UHF42","102","Northeast Bronx","Summer 2020","2020-06-01T00:00:00.000","7.17",
"670886","386","Ozone (O3)","Mean","ppb","CD","205","Fordham and University Heights (CD5)","Summer 2020","2020-06-01T00:00:00.000","29.67",
"669821","365","Fine particles (PM 2.5)","Mean","mcg/m3","UHF42","106","High Bridge - Morrisania","Summer 2020","2020-06-01T00:00:00.000","7.24",
"669590","365","Fine particles (PM 2.5)","Mean","mcg/m3","CD","202","Hunts Point and Longwood (CD2)","Summer 2020","2020-06-01T00:00:00.000","7.73",
"667071","375","Nitrogen dioxide (NO2)","Mean","ppb","UHF42","103","Fordham - Bronx Pk","Summer 2020","2020-06-01T00:00:00.000","13.15",
"667029","375","Nitrogen dioxide (NO2)","Mean","ppb","Borough","1","Bronx","Summer 2020","2020-06-01T00:00:00.000","13.16",
"669593","365","Fine particles (PM 2.5)","Mean","mcg/m3","CD","203","Morrisania and Crotona (CD3)","Summer 2020","2020-06-01T00:00:00.000","7.33",
"670904","386","Ozone (O3)","Mean","ppb","UHF34","105106107","South Bronx","Summer 2020","2020-06-01T00:00:00.000","30.7",
"667653","375","Nitrogen dioxide (NO2)","Mean","ppb","CD","211","Morris Park and Bronxdale (CD11)","Summer 2020","2020-06-01T00:00:00.000","12.86",
"669587","365","Fine particles (PM 2.5)","Mean","mcg/m3","CD","201","Mott Haven and Melrose (CD1)","Summer 2020","2020-06-01T00:00:00.000","7.48",
"669858","365","Fine particles (PM 2.5)","Mean","mcg/m3","CD","205","Fordham and University Heights (CD5)","Summer 2020","2020-06-01T00:00:00.000","7.3",
"667509","375","Nitrogen dioxide (NO2)","Mean","ppb","UHF34","105106107","South Bronx","Summer 2020","2020-06-01T00:00:00.000","14.49",
"670973","386","Ozone (O3)","Mean","ppb","UHF42","107","Hunts Point - Mott Haven","Summer 2020","2020-06-01T00:00:00.000","31.49",
"669861","365","Fine particles (PM 2.5)","Mean","mcg/m3","CD","206","Belmont and East Tremont (CD6)","Summer 2020","2020-06-01T00:00:00.000","7.37",
"670936","386","Ozone (O3)","Mean","ppb","UHF34","102","Northeast Bronx","Summer 2020","2020-06-01T00:00:00.000","30.85",
"669704","365","Fine particles (PM 2.5)","Mean","mcg/m3","UHF34","103","Fordham - Bronx Pk","Summer 2020","2020-06-01T00:00:00.000","7.22",
"670974","386","Ozone (O3)","Mean","ppb","UHF42","106","High Bridge - Morrisania","Summer 2020","2020-06-01T00:00:00.000","30.13",
"670880","386","Ozone (O3)","Mean","ppb","CD","211","Morris Park and Bronxdale (CD11)","Summer 2020","2020-06-01T00:00:00.000","31.33",
"670889","386","Ozone (O3)","Mean","ppb","CD","202","Hunts Point and Longwood (CD2)","Summer 2020","2020-06-01T00:00:00.000","31.52",
"667095","375","Nitrogen dioxide (NO2)","Mean","ppb","UHF42","107","Hunts Point - Mott Haven","Summer 2020","2020-06-01T00:00:00.000","14.29",
"669818","365","Fine particles (PM 2.5)","Mean","mcg/m3","UHF42","107","Hunts Point - Mott Haven","Summer 2020","2020-06-01T00:00:00.000","7.52",
"669855","365","Fine particles (PM 2.5)","Mean","mcg/m3","CD","204","Highbridge and Concourse (CD4)","Summer 2020","2020-06-01T00:00:00.000","7.23",
"670888","386","Ozone (O3)","Mean","ppb","CD","203","Morrisania and Crotona (CD3)","Summer 2020","2020-06-01T00:00:00.000","30.6",
"670984","386","Ozone (O3)","Mean","ppb","Borough","1","Bronx","Summer 2020","2020-06-01T00:00:00.000","30.85",
"667323","375","Nitrogen dioxide (NO2)","Mean","ppb","UHF34","103","Fordham - Bronx Pk","Summer 2020","2020-06-01T00:00:00.000","13.15",
"667593","375","Nitrogen dioxide (NO2)","Mean","ppb","CD","201","Mott Haven and Melrose (CD1)","Summer 2020","2020-06-01T00:00:00.000","15.02",
"667599","375","Nitrogen dioxide (NO2)","Mean","ppb","CD","202","Hunts Point and Longwood (CD2)","Summer 2020","2020-06-01T00:00:00.000","14.77",
"670887","386","Ozone (O3)","Mean","ppb","CD","204","Highbridge and Concourse (CD4)","Summer 2020","2020-06-01T00:00:00.000","29.89",
"669707","365","Fine particles (PM 2.5)","Mean","mcg/m3","UHF34","102","Northeast Bronx","Summer 2020","2020-06-01T00:00:00.000","7.17",
"670885","386","Ozone (O3)","Mean","ppb","CD","206","Belmont and East Tremont (CD6)","Summer 2020","2020-06-01T00:00:00.000","30.44",
"667609","375","Nitrogen dioxide (NO2)","Mean","ppb","CD","204","Highbridge and Concourse (CD4)","Annual Average 2020","2020-01-01T00:00:00.000","19.05",
"667603","375","Nitrogen dioxide (NO2)","Mean","ppb","CD","203","Morrisania and Crotona (CD3)","Annual Average 2020","2020-01-01T00:00:00.000","18.08",
"667651","375","Nitrogen dioxide (NO2)","Mean","ppb","CD","211","Morris Park and Bronxdale (CD11)","Annual Average 2020","2020-01-01T00:00:00.000","16.8",
"669591","365","Fine particles (PM 2.5)","Mean","mcg/m3","CD","203","Morrisania and Crotona (CD3)","Annual Average 2020","2020-01-01T00:00:00.000","6.22",
"667081","375","Nitrogen dioxide (NO2)","Mean","ppb","UHF42","105","Crotona -Tremont","Annual Average 2020","2020-01-01T00:00:00.000","18.5",
"667069","375","Nitrogen dioxide (NO2)","Mean","ppb","UHF42","103","Fordham - Bronx Pk","Annual Average 2020","2020-01-01T00:00:00.000","16.98",
"669820","365","Fine particles (PM 2.5)","Mean","mcg/m3","UHF42","107","Hunts Point - Mott Haven","Annual Average 2020","2020-01-01T00:00:00.000","6.36",
"667597","375","Nitrogen dioxide (NO2)","Mean","ppb","CD","202","Hunts Point and Longwood (CD2)","Annual Average 2020","2020-01-01T00:00:00.000","18.77",
"669859","365","Fine particles (PM 2.5)","Mean","mcg/m3","CD","206","Belmont and East Tremont (CD6)","Annual Average 2020","2020-01-01T00:00:00.000","6.32",
"669706","365","Fine particles (PM 2.5)","Mean","mcg/m3","UHF34","103","Fordham - Bronx Pk","Annual Average 2020","2020-01-01T00:00:00.000","6",
"669832","365","Fine particles (PM 2.5)","Mean","mcg/m3","UHF42","103","Fordham - Bronx Pk","Annual Average 2020","2020-01-01T00:00:00.000","6",
"667027","375","Nitrogen dioxide (NO2)","Mean","ppb","Borough","1","Bronx","Annual Average 2020","2020-01-01T00:00:00.000","17.1",
"669874","365","Fine particles (PM 2.5)","Mean","mcg/m3","CD","211","Morris Park and Bronxdale (CD11)","Annual Average 2020","2020-01-01T00:00:00.000","6.01",
"667621","375","Nitrogen dioxide (NO2)","Mean","ppb","CD","206","Belmont and East Tremont (CD6)","Annual Average 2020","2020-01-01T00:00:00.000","18.18",
"669588","365","Fine particles (PM 2.5)","Mean","mcg/m3","CD","202","Hunts Point and Longwood (CD2)","Annual Average 2020","2020-01-01T00:00:00.000","6.56",
"667507","375","Nitrogen dioxide (NO2)","Mean","ppb","UHF34","105106107","South Bronx","Annual Average 2020","2020-01-01T00:00:00.000","18.59",
"667063","375","Nitrogen dioxide (NO2)","Mean","ppb","UHF42","102","Northeast Bronx","Annual Average 2020","2020-01-01T00:00:00.000","16.75",
"669826","365","Fine particles (PM 2.5)","Mean","mcg/m3","UHF42","105","Crotona -Tremont","Annual Average 2020","2020-01-01T00:00:00.000","6.28",
"669853","365","Fine particles (PM 2.5)","Mean","mcg/m3","Borough","1","Bronx","Annual Average 2020","2020-01-01T00:00:00.000","6.11",
"667093","375","Nitrogen dioxide (NO2)","Mean","ppb","UHF42","107","Hunts Point - Mott Haven","Annual Average 2020","2020-01-01T00:00:00.000","18.43",
"669594","365","Fine particles (PM 2.5)","Mean","mcg/m3","CD","204","Highbridge and Concourse (CD4)","Annual Average 2020","2020-01-01T00:00:00.000","6.12",
"669856","365","Fine particles (PM 2.5)","Mean","mcg/m3","CD","205","Fordham and University Heights (CD5)","Annual Average 2020","2020-01-01T00:00:00.000","6.21",
"669709","365","Fine particles (PM 2.5)","Mean","mcg/m3","UHF34","102","Northeast Bronx","Annual Average 2020","2020-01-01T00:00:00.000","5.95",
"667615","375","Nitrogen dioxide (NO2)","Mean","ppb","CD","205","Fordham and University Heights (CD5)","Annual Average 2020","2020-01-01T00:00:00.000","19.15",
"667087","375","Nitrogen dioxide (NO2)","Mean","ppb","UHF42","106","High Bridge - Morrisania","Annual Average 2020","2020-01-01T00:00:00.000","18.92",
"667591","375","Nitrogen dioxide (NO2)","Mean","ppb","CD","201","Mott Haven and Melrose (CD1)","Annual Average 2020","2020-01-01T00:00:00.000","19.14",
"669835","365","Fine particles (PM 2.5)","Mean","mcg/m3","UHF42","102","Northeast Bronx","Annual Average 2020","2020-01-01T00:00:00.000","5.95",
"667315","375","Nitrogen dioxide (NO2)","Mean","ppb","UHF34","102","Northeast Bronx","Annual Average 2020","2020-01-01T00:00:00.000","16.75",
"669585","365","Fine particles (PM 2.5)","Mean","mcg/m3","CD","201","Mott Haven and Melrose (CD1)","Annual Average 2020","2020-01-01T00:00:00.000","6.3",
"667321","375","Nitrogen dioxide (NO2)","Mean","ppb","UHF34","103","Fordham - Bronx Pk","Annual Average 2020","2020-01-01T00:00:00.000","16.98",
"669613","365","Fine particles (PM 2.5)","Mean","mcg/m3","UHF34","105106107","South Bronx","Annual Average 2020","2020-01-01T00:00:00.000","6.27",
"669823","365","Fine particles (PM 2.5)","Mean","mcg/m3","UHF42","106","High Bridge - Morrisania","Annual Average 2020","2020-01-01T00:00:00.000","6.12",
"669586","365","Fine particles (PM 2.5)","Mean","mcg/m3","CD","201","Mott Haven and Melrose (CD1)","Winter 2019-20","2019-12-01T00:00:00.000","7.25",
"669708","365","Fine particles (PM 2.5)","Mean","mcg/m3","UHF34","102","Northeast Bronx","Winter 2019-20","2019-12-01T00:00:00.000","6.66",
"667610","375","Nitrogen dioxide (NO2)","Mean","ppb","CD","204","Highbridge and Concourse (CD4)","Winter 2019-20","2019-12-01T00:00:00.000","25.84",
"669852","365","Fine particles (PM 2.5)","Mean","mcg/m3","Borough","1","Bronx","Winter 2019-20","2019-12-01T00:00:00.000","7.02",
"669834","365","Fine particles (PM 2.5)","Mean","mcg/m3","UHF42","102","Northeast Bronx","Winter 2019-20","2019-12-01T00:00:00.000","6.66",
"667070","375","Nitrogen dioxide (NO2)","Mean","ppb","UHF42","103","Fordham - Bronx Pk","Winter 2019-20","2019-12-01T00:00:00.000","22.59",
"669705","365","Fine particles (PM 2.5)","Mean","mcg/m3","UHF34","103","Fordham - Bronx Pk","Winter 2019-20","2019-12-01T00:00:00.000","6.68",
"667322","375","Nitrogen dioxide (NO2)","Mean","ppb","UHF34","103","Fordham - Bronx Pk","Winter 2019-20","2019-12-01T00:00:00.000","22.59",
"669875","365","Fine particles (PM 2.5)","Mean","mcg/m3","CD","211","Morris Park and Bronxdale (CD11)","Winter 2019-20","2019-12-01T00:00:00.000","6.85",
"667592","375","Nitrogen dioxide (NO2)","Mean","ppb","CD","201","Mott Haven and Melrose (CD1)","Winter 2019-20","2019-12-01T00:00:00.000","26.15",
"669825","365","Fine particles (PM 2.5)","Mean","mcg/m3","UHF42","105","Crotona -Tremont","Winter 2019-20","2019-12-01T00:00:00.000","7.37",
"667508","375","Nitrogen dioxide (NO2)","Mean","ppb","UHF34","105106107","South Bronx","Winter 2019-20","2019-12-01T00:00:00.000","25.27",
"667094","375","Nitrogen dioxide (NO2)","Mean","ppb","UHF42","107","Hunts Point - Mott Haven","Winter 2019-20","2019-12-01T00:00:00.000","25.29",
"667652","375","Nitrogen dioxide (NO2)","Mean","ppb","CD","211","Morris Park and Bronxdale (CD11)","Winter 2019-20","2019-12-01T00:00:00.000","22.5",
"669831","365","Fine particles (PM 2.5)","Mean","mcg/m3","UHF42","103","Fordham - Bronx Pk","Winter 2019-20","2019-12-01T00:00:00.000","6.68",
"667028","375","Nitrogen dioxide (NO2)","Mean","ppb","Borough","1","Bronx","Winter 2019-20","2019-12-01T00:00:00.000","23.04",
"669822","365","Fine particles (PM 2.5)","Mean","mcg/m3","UHF42","106","High Bridge - Morrisania","Winter 2019-20","2019-12-01T00:00:00.000","7.11",
"667598","375","Nitrogen dioxide (NO2)","Mean","ppb","CD","202","Hunts Point and Longwood (CD2)","Winter 2019-20","2019-12-01T00:00:00.000","25.34",
"669819","365","Fine particles (PM 2.5)","Mean","mcg/m3","UHF42","107","Hunts Point - Mott Haven","Winter 2019-20","2019-12-01T00:00:00.000","7.34",
"669860","365","Fine particles (PM 2.5)","Mean","mcg/m3","CD","206","Belmont and East Tremont (CD6)","Winter 2019-20","2019-12-01T00:00:00.000","7.4",
"667082","375","Nitrogen dioxide (NO2)","Mean","ppb","UHF42","105","Crotona -Tremont","Winter 2019-20","2019-12-01T00:00:00.000","24.76",
"669612","365","Fine particles (PM 2.5)","Mean","mcg/m3","UHF34","105106107","South Bronx","Winter 2019-20","2019-12-01T00:00:00.000","7.28",
"667604","375","Nitrogen dioxide (NO2)","Mean","ppb","CD","203","Morrisania and Crotona (CD3)","Winter 2019-20","2019-12-01T00:00:00.000","24.69",
"669854","365","Fine particles (PM 2.5)","Mean","mcg/m3","CD","204","Highbridge and Concourse (CD4)","Winter 2019-20","2019-12-01T00:00:00.000","7.13",
"669857","365","Fine particles (PM 2.5)","Mean","mcg/m3","CD","205","Fordham and University Heights (CD5)","Winter 2019-20","2019-12-01T00:00:00.000","7.22",
"667616","375","Nitrogen dioxide (NO2)","Mean","ppb","CD","205","Fordham and University Heights (CD5)","Winter 2019-20","2019-12-01T00:00:00.000","25.45",
"669592","365","Fine particles (PM 2.5)","Mean","mcg/m3","CD","203","Morrisania and Crotona (CD3)","Winter 2019-20","2019-12-01T00:00:00.000","7.21",
"667316","375","Nitrogen dioxide (NO2)","Mean","ppb","UHF34","102","Northeast Bronx","Winter 2019-20","2019-12-01T00:00:00.000","21.91",
"667064","375","Nitrogen dioxide (NO2)","Mean","ppb","UHF42","102","Northeast Bronx","Winter 2019-20","2019-12-01T00:00:00.000","21.91",
"667088","375","Nitrogen dioxide (NO2)","Mean","ppb","UHF42","106","High Bridge - Morrisania","Winter 2019-20","2019-12-01T00:00:00.000","25.81",
"669589","365","Fine particles (PM 2.5)","Mean","mcg/m3","CD","202","Hunts Point and Longwood (CD2)","Winter 2019-20","2019-12-01T00:00:00.000","7.52",
"667622","375","Nitrogen dioxide (NO2)","Mean","ppb","CD","206","Belmont and East Tremont (CD6)","Winter 2019-20","2019-12-01T00:00:00.000","24.31",
"651014","386","Ozone (O3)","Mean","ppb","CD","204","Highbridge and Concourse (CD4)","Summer 2019","2019-06-01T00:00:00.000","28.49",
"651012","386","Ozone (O3)","Mean","ppb","CD","202","Hunts Point and Longwood (CD2)","Summer 2019","2019-06-01T00:00:00.000","29.73",
"643589","375","Nitrogen dioxide (NO2)","Mean","ppb","CD","202","Hunts Point and Longwood (CD2)","Summer 2019","2019-06-01T00:00:00.000","15.78",
"650966","386","Ozone (O3)","Mean","ppb","UHF34","103","Fordham - Bronx Pk","Summer 2019","2019-06-01T00:00:00.000","29.64",
"651021","386","Ozone (O3)","Mean","ppb","CD","211","Morris Park and Bronxdale (CD11)","Summer 2019","2019-06-01T00:00:00.000","30.31",
"651015","386","Ozone (O3)","Mean","ppb","CD","205","Fordham and University Heights (CD5)","Summer 2019","2019-06-01T00:00:00.000","28.72",
"649667","365","Fine particles (PM 2.5)","Mean","mcg/m3","UHF42","102","Northeast Bronx","Summer 2019","2019-06-01T00:00:00.000","7.7",
"649946","365","Fine particles (PM 2.5)","Mean","mcg/m3","CD","206","Belmont and East Tremont (CD6)","Summer 2019","2019-06-01T00:00:00.000","8.2",
"649793","365","Fine particles (PM 2.5)","Mean","mcg/m3","UHF34","102","Northeast Bronx","Summer 2019","2019-06-01T00:00:00.000","7.7",
"643337","375","Nitrogen dioxide (NO2)","Mean","ppb","UHF42","107","Hunts Point - Mott Haven","Summer 2019","2019-06-01T00:00:00.000","15.52",
"649889","365","Fine particles (PM 2.5)","Mean","mcg/m3","UHF34","105106107","South Bronx","Summer 2019","2019-06-01T00:00:00.000","8.45",
"651013","386","Ozone (O3)","Mean","ppb","CD","203","Morrisania and Crotona (CD3)","Summer 2019","2019-06-01T00:00:00.000","29.2",
"650926","386","Ozone (O3)","Mean","ppb","UHF42","105","Crotona -Tremont","Summer 2019","2019-06-01T00:00:00.000","29.06",
"643304","375","Nitrogen dioxide (NO2)","Mean","ppb","Borough","1","Bronx","Summer 2019","2019-06-01T00:00:00.000","13.14",
"651011","386","Ozone (O3)","Mean","ppb","CD","201","Mott Haven and Melrose (CD1)","Summer 2019","2019-06-01T00:00:00.000","28.47",
"650997","386","Ozone (O3)","Mean","ppb","UHF34","105106107","South Bronx","Summer 2019","2019-06-01T00:00:00.000","29.16",
"651016","386","Ozone (O3)","Mean","ppb","CD","206","Belmont and East Tremont (CD6)","Summer 2019","2019-06-01T00:00:00.000","29.49",
"649937","365","Fine particles (PM 2.5)","Mean","mcg/m3","CD","203","Morrisania and Crotona (CD3)","Summer 2019","2019-06-01T00:00:00.000","8.05",
"643595","375","Nitrogen dioxide (NO2)","Mean","ppb","CD","204","Highbridge and Concourse (CD4)","Summer 2019","2019-06-01T00:00:00.000","15.39",
"650965","386","Ozone (O3)","Mean","ppb","UHF34","102","Northeast Bronx","Summer 2019","2019-06-01T00:00:00.000","30.34",
"650924","386","Ozone (O3)","Mean","ppb","UHF42","103","Fordham - Bronx Pk","Summer 2019","2019-06-01T00:00:00.000","29.64",
"643598","375","Nitrogen dioxide (NO2)","Mean","ppb","CD","205","Fordham and University Heights (CD5)","Summer 2019","2019-06-01T00:00:00.000","14.89",
"643586","375","Nitrogen dioxide (NO2)","Mean","ppb","CD","201","Mott Haven and Melrose (CD1)","Summer 2019","2019-06-01T00:00:00.000","16.48",
"643616","375","Nitrogen dioxide (NO2)","Mean","ppb","CD","211","Morris Park and Bronxdale (CD11)","Summer 2019","2019-06-01T00:00:00.000","12.73",
"643592","375","Nitrogen dioxide (NO2)","Mean","ppb","CD","203","Morrisania and Crotona (CD3)","Summer 2019","2019-06-01T00:00:00.000","14.43",
"643325","375","Nitrogen dioxide (NO2)","Mean","ppb","UHF42","103","Fordham - Bronx Pk","Summer 2019","2019-06-01T00:00:00.000","12.17",
"649931","365","Fine particles (PM 2.5)","Mean","mcg/m3","CD","201","Mott Haven and Melrose (CD1)","Summer 2019","2019-06-01T00:00:00.000","8.86",
"643451","375","Nitrogen dioxide (NO2)","Mean","ppb","UHF34","103","Fordham - Bronx Pk","Summer 2019","2019-06-01T00:00:00.000","12.17",
"649676","365","Fine particles (PM 2.5)","Mean","mcg/m3","UHF42","105","Crotona -Tremont","Summer 2019","2019-06-01T00:00:00.000","8.27",
"650923","386","Ozone (O3)","Mean","ppb","UHF42","102","Northeast Bronx","Summer 2019","2019-06-01T00:00:00.000","30.34",
"643334","375","Nitrogen dioxide (NO2)","Mean","ppb","UHF42","106","High Bridge - Morrisania","Summer 2019","2019-06-01T00:00:00.000","15.43",
"649682","365","Fine particles (PM 2.5)","Mean","mcg/m3","UHF42","107","Hunts Point - Mott Haven","Summer 2019","2019-06-01T00:00:00.000","8.71",
"643601","375","Nitrogen dioxide (NO2)","Mean","ppb","CD","206","Belmont and East Tremont (CD6)","Summer 2019","2019-06-01T00:00:00.000","13.87",
"649679","365","Fine particles (PM 2.5)","Mean","mcg/m3","UHF42","106","High Bridge - Morrisania","Summer 2019","2019-06-01T00:00:00.000","8.27",
"649649","365","Fine particles (PM 2.5)","Mean","mcg/m3","Borough","1","Bronx","Summer 2019","2019-06-01T00:00:00.000","7.99",
"649796","365","Fine particles (PM 2.5)","Mean","mcg/m3","UHF34","103","Fordham - Bronx Pk","Summer 2019","2019-06-01T00:00:00.000","7.77",
"649940","365","Fine particles (PM 2.5)","Mean","mcg/m3","CD","204","Highbridge and Concourse (CD4)","Summer 2019","2019-06-01T00:00:00.000","8.33",
"649934","365","Fine particles (PM 2.5)","Mean","mcg/m3","CD","202","Hunts Point and Longwood (CD2)","Summer 2019","2019-06-01T00:00:00.000","9",
"643331","375","Nitrogen dioxide (NO2)","Mean","ppb","UHF42","105","Crotona -Tremont","Summer 2019","2019-06-01T00:00:00.000","14.38",
"650928","386","Ozone (O3)","Mean","ppb","UHF42","107","Hunts Point - Mott Haven","Summer 2019","2019-06-01T00:00:00.000","29.58",
"650917","386","Ozone (O3)","Mean","ppb","Borough","1","Bronx","Summer 2019","2019-06-01T00:00:00.000","29.87",
"650927","386","Ozone (O3)","Mean","ppb","UHF42","106","High Bridge - Morrisania","Summer 2019","2019-06-01T00:00:00.000","28.62",
"643544","375","Nitrogen dioxide (NO2)","Mean","ppb","UHF34","105106107","South Bronx","Summer 2019","2019-06-01T00:00:00.000","15.15",
"643322","375","Nitrogen dioxide (NO2)","Mean","ppb","UHF42","102","Northeast Bronx","Summer 2019","2019-06-01T00:00:00.000","12.28",
"649670","365","Fine particles (PM 2.5)","Mean","mcg/m3","UHF42","103","Fordham - Bronx Pk","Summer 2019","2019-06-01T00:00:00.000","7.77",
"649943","365","Fine particles (PM 2.5)","Mean","mcg/m3","CD","205","Fordham and University Heights (CD5)","Summer 2019","2019-06-01T00:00:00.000","8.31",
"649961","365","Fine particles (PM 2.5)","Mean","mcg/m3","CD","211","Morris Park and Bronxdale (CD11)","Summer 2019","2019-06-01T00:00:00.000","7.73",
"643448","375","Nitrogen dioxide (NO2)","Mean","ppb","UHF34","102","Northeast Bronx","Summer 2019","2019-06-01T00:00:00.000","12.28",
"649792","365","Fine particles (PM 2.5)","Mean","mcg/m3","UHF34","102","Northeast Bronx","Annual Average 2019","2019-01-01T00:00:00.000","6.68",
"643447","375","Nitrogen dioxide (NO2)","Mean","ppb","UHF34","102","Northeast Bronx","Annual Average 2019","2019-01-01T00:00:00.000","14.67",
"649678","365","Fine particles (PM 2.5)","Mean","mcg/m3","UHF42","106","High Bridge - Morrisania","Annual Average 2019","2019-01-01T00:00:00.000","7.14",
"643600","375","Nitrogen dioxide (NO2)","Mean","ppb","CD","206","Belmont and East Tremont (CD6)","Annual Average 2019","2019-01-01T00:00:00.000","17.07",
"817148","645","Annual vehicle miles traveled (trucks)","Million miles","per square mile","UHF42","105","Crotona -Tremont","2019","2019-01-01T00:00:00.000","9.104067",
"817044","644","Annual vehicle miles traveled (cars)","Million miles","per square mile","CD","205","Fordham and University Heights (CD5)","2019","2019-01-01T00:00:00.000","87.910318",
"649945","365","Fine particles (PM 2.5)","Mean","mcg/m3","CD","206","Belmont and East Tremont (CD6)","Annual Average 2019","2019-01-01T00:00:00.000","7.15",
"643330","375","Nitrogen dioxide (NO2)","Mean","ppb","UHF42","105","Crotona -Tremont","Annual Average 2019","2019-01-01T00:00:00.000","17.64",
"817056","644","Annual vehicle miles traveled (cars)","Million miles","per square mile","CD","211","Morris Park and Bronxdale (CD11)","2019","2019-01-01T00:00:00.000","35.515431",
"643615","375","Nitrogen dioxide (NO2)","Mean","ppb","CD","211","Morris Park and Bronxdale (CD11)","Annual Average 2019","2019-01-01T00:00:00.000","15.46",
"643450","375","Nitrogen dioxide (NO2)","Mean","ppb","UHF34","103","Fordham - Bronx Pk","Annual Average 2019","2019-01-01T00:00:00.000","15.17",
"643543","375","Nitrogen dioxide (NO2)","Mean","ppb","UHF34","105106107","South Bronx","Annual Average 2019","2019-01-01T00:00:00.000","18.42",
"817042","644","Annual vehicle miles traveled (cars)","Million miles","per square mile","CD","204","Highbridge and Concourse (CD4)","2019","2019-01-01T00:00:00.000","82.383507",
"649669","365","Fine particles (PM 2.5)","Mean","mcg/m3","UHF42","103","Fordham - Bronx Pk","Annual Average 2019","2019-01-01T00:00:00.000","6.7",
"817250","645","Annual vehicle miles traveled (trucks)","Million miles","per square mile","CD","201","Mott Haven and Melrose (CD1)","2019","2019-01-01T00:00:00.000","7.573504",
"816891","643","Annual vehicle miles traveled","Million miles","per square mile","UHF42","105","Crotona -Tremont","2019","2019-01-01T00:00:00.000","102.321246",
"816779","643","Annual vehicle miles traveled","Million miles","per square mile","CD","206","Belmont and East Tremont (CD6)","2019","2019-01-01T00:00:00.000","104.891079",
"817142","645","Annual vehicle miles traveled (trucks)","Million miles","per square mile","UHF42","102","Northeast Bronx","2019","2019-01-01T00:00:00.000","3.910605",
"816928","644","Annual vehicle miles traveled (cars)","Million miles","per square mile","UHF42","102","Northeast Bronx","2019","2019-01-01T00:00:00.000","42.653148",
"817144","645","Annual vehicle miles traveled (trucks)","Million miles","per square mile","UHF42","103","Fordham - Bronx Pk","2019","2019-01-01T00:00:00.000","2.050006",
"649933","365","Fine particles (PM 2.5)","Mean","mcg/m3","CD","202","Hunts Point and Longwood (CD2)","Annual Average 2019","2019-01-01T00:00:00.000","7.82",
"817258","645","Annual vehicle miles traveled (trucks)","Million miles","per square mile","CD","205","Fordham and University Heights (CD5)","2019","2019-01-01T00:00:00.000","10.311225",
"816897","643","Annual vehicle miles traveled","Million miles","per square mile","UHF42","102","Northeast Bronx","2019","2019-01-01T00:00:00.000","47.718988",
"817040","644","Annual vehicle miles traveled (cars)","Million miles","per square mile","CD","203","Morrisania and Crotona (CD3)","2019","2019-01-01T00:00:00.000","38.595187",
"816909","643","Annual vehicle miles traveled","Million miles","per square mile","Borough","1","Bronx","2019","2019-01-01T00:00:00.000","65.957262",
"649888","365","Fine particles (PM 2.5)","Mean","mcg/m3","UHF34","105106107","South Bronx","Annual Average 2019","2019-01-01T00:00:00.000","7.33",
"816895","643","Annual vehicle miles traveled","Million miles","per square mile","UHF42","103","Fordham - Bronx Pk","2019","2019-01-01T00:00:00.000","59.977112",
"643594","375","Nitrogen dioxide (NO2)","Mean","ppb","CD","204","Highbridge and Concourse (CD4)","Annual Average 2019","2019-01-01T00:00:00.000","18.72",
"649681","365","Fine particles (PM 2.5)","Mean","mcg/m3","UHF42","107","Hunts Point - Mott Haven","Annual Average 2019","2019-01-01T00:00:00.000","7.52",
"816916","644","Annual vehicle miles traveled (cars)","Million miles","per square mile","Borough","1","Bronx","2019","2019-01-01T00:00:00.000","59.274837",
"817152","645","Annual vehicle miles traveled (trucks)","Million miles","per square mile","UHF42","107","Hunts Point - Mott Haven","2019","2019-01-01T00:00:00.000","4.29022",
"816889","643","Annual vehicle miles traveled","Million miles","per square mile","UHF42","106","High Bridge - Morrisania","2019","2019-01-01T00:00:00.000","81.606795",
"649795","365","Fine particles (PM 2.5)","Mean","mcg/m3","UHF34","103","Fordham - Bronx Pk","Annual Average 2019","2019-01-01T00:00:00.000","6.7",
"817130","645","Annual vehicle miles traveled (trucks)","Million miles","per square mile","Borough","1","Bronx","2019","2019-01-01T00:00:00.000","5.077953",
"817256","645","Annual vehicle miles traveled (trucks)","Million miles","per square mile","CD","204","Highbridge and Concourse (CD4)","2019","2019-01-01T00:00:00.000","10.841496",
"649939","365","Fine particles (PM 2.5)","Mean","mcg/m3","CD","204","Highbridge and Concourse (CD4)","Annual Average 2019","2019-01-01T00:00:00.000","7.24",
"816781","643","Annual vehicle miles traveled","Million miles","per square mile","CD","205","Fordham and University Heights (CD5)","2019","2019-01-01T00:00:00.000","101.001219",
"649936","365","Fine particles (PM 2.5)","Mean","mcg/m3","CD","203","Morrisania and Crotona (CD3)","Annual Average 2019","2019-01-01T00:00:00.000","6.91",
"817252","645","Annual vehicle miles traveled (trucks)","Million miles","per square mile","CD","202","Hunts Point and Longwood (CD2)","2019","2019-01-01T00:00:00.000","3.417027",
"649666","365","Fine particles (PM 2.5)","Mean","mcg/m3","UHF42","102","Northeast Bronx","Annual Average 2019","2019-01-01T00:00:00.000","6.68",
"817260","645","Annual vehicle miles traveled (trucks)","Million miles","per square mile","CD","206","Belmont and East Tremont (CD6)","2019","2019-01-01T00:00:00.000","8.876291",
"643303","375","Nitrogen dioxide (NO2)","Mean","ppb","Borough","1","Bronx","Annual Average 2019","2019-01-01T00:00:00.000","16.01",
"643588","375","Nitrogen dioxide (NO2)","Mean","ppb","CD","202","Hunts Point and Longwood (CD2)","Annual Average 2019","2019-01-01T00:00:00.000","19.04",
"816934","644","Annual vehicle miles traveled (cars)","Million miles","per square mile","UHF42","105","Crotona -Tremont","2019","2019-01-01T00:00:00.000","90.546313",
"816769","643","Annual vehicle miles traveled","Million miles","per square mile","CD","211","Morris Park and Bronxdale (CD11)","2019","2019-01-01T00:00:00.000","38.12873",
"816930","644","Annual vehicle miles traveled (cars)","Million miles","per square mile","UHF42","103","Fordham - Bronx Pk","2019","2019-01-01T00:00:00.000","56.238413",
"817270","645","Annual vehicle miles traveled (trucks)","Million miles","per square mile","CD","211","Morris Park and Bronxdale (CD11)","2019","2019-01-01T00:00:00.000","1.372411",
"816785","643","Annual vehicle miles traveled","Million miles","per square mile","CD","203","Morrisania and Crotona (CD3)","2019","2019-01-01T00:00:00.000","43.409514",
"816936","644","Annual vehicle miles traveled (cars)","Million miles","per square mile","UHF42","106","High Bridge - Morrisania","2019","2019-01-01T00:00:00.000","69.921343",
"817046","644","Annual vehicle miles traveled (cars)","Million miles","per square mile","CD","206","Belmont and East Tremont (CD6)","2019","2019-01-01T00:00:00.000","93.21697",
"643336","375","Nitrogen dioxide (NO2)","Mean","ppb","UHF42","107","Hunts Point - Mott Haven","Annual Average 2019","2019-01-01T00:00:00.000","18.75",
"816783","643","Annual vehicle miles traveled","Million miles","per square mile","CD","204","Highbridge and Concourse (CD4)","2019","2019-01-01T00:00:00.000","96.131927",
"816887","643","Annual vehicle miles traveled","Million miles","per square mile","UHF42","107","Hunts Point - Mott Haven","2019","2019-01-01T00:00:00.000","57.430409",
"649960","365","Fine particles (PM 2.5)","Mean","mcg/m3","CD","211","Morris Park and Bronxdale (CD11)","Annual Average 2019","2019-01-01T00:00:00.000","6.65",
"816787","643","Annual vehicle miles traveled","Million miles","per square mile","CD","202","Hunts Point and Longwood (CD2)","2019","2019-01-01T00:00:00.000","51.448492",
"643585","375","Nitrogen dioxide (NO2)","Mean","ppb","CD","201","Mott Haven and Melrose (CD1)","Annual Average 2019","2019-01-01T00:00:00.000","19.67",
"643591","375","Nitrogen dioxide (NO2)","Mean","ppb","CD","203","Morrisania and Crotona (CD3)","Annual Average 2019","2019-01-01T00:00:00.000","17.78",
"816789","643","Annual vehicle miles traveled","Million miles","per square mile","CD","201","Mott Haven and Melrose (CD1)","2019","2019-01-01T00:00:00.000","83.883878",
"649675","365","Fine particles (PM 2.5)","Mean","mcg/m3","UHF42","105","Crotona -Tremont","Annual Average 2019","2019-01-01T00:00:00.000","7.23",
"817150","645","Annual vehicle miles traveled (trucks)","Million miles","per square mile","UHF42","106","High Bridge - Morrisania","2019","2019-01-01T00:00:00.000","9.032482",
"649648","365","Fine particles (PM 2.5)","Mean","mcg/m3","Borough","1","Bronx","Annual Average 2019","2019-01-01T00:00:00.000","6.91",
"817038","644","Annual vehicle miles traveled (cars)","Million miles","per square mile","CD","202","Hunts Point and Longwood (CD2)","2019","2019-01-01T00:00:00.000","46.497254",
"643597","375","Nitrogen dioxide (NO2)","Mean","ppb","CD","205","Fordham and University Heights (CD5)","Annual Average 2019","2019-01-01T00:00:00.000","18.21",
"817254","645","Annual vehicle miles traveled (trucks)","Million miles","per square mile","CD","203","Morrisania and Crotona (CD3)","2019","2019-01-01T00:00:00.000","3.201835",
"817036","644","Annual vehicle miles traveled (cars)","Million miles","per square mile","CD","201","Mott Haven and Melrose (CD1)","2019","2019-01-01T00:00:00.000","73.759705",
"649942","365","Fine particles (PM 2.5)","Mean","mcg/m3","CD","205","Fordham and University Heights (CD5)","Annual Average 2019","2019-01-01T00:00:00.000","7.29",
"649930","365","Fine particles (PM 2.5)","Mean","mcg/m3","CD","201","Mott Haven and Melrose (CD1)","Annual Average 2019","2019-01-01T00:00:00.000","7.69",
"643333","375","Nitrogen dioxide (NO2)","Mean","ppb","UHF42","106","High Bridge - Morrisania","Annual Average 2019","2019-01-01T00:00:00.000","18.76",
"643321","375","Nitrogen dioxide (NO2)","Mean","ppb","UHF42","102","Northeast Bronx","Annual Average 2019","2019-01-01T00:00:00.000","14.67",
"816938","644","Annual vehicle miles traveled (cars)","Million miles","per square mile","UHF42","107","Hunts Point - Mott Haven","2019","2019-01-01T00:00:00.000","51.442868",
"643324","375","Nitrogen dioxide (NO2)","Mean","ppb","UHF42","103","Fordham - Bronx Pk","Annual Average 2019","2019-01-01T00:00:00.000","15.17",
"643326","375","Nitrogen dioxide (NO2)","Mean","ppb","UHF42","103","Fordham - Bronx Pk","Winter 2018-19","2018-12-01T00:00:00.000","19.92",
"643305","375","Nitrogen dioxide (NO2)","Mean","ppb","Borough","1","Bronx","Winter 2018-19","2018-12-01T00:00:00.000","20.89",
"643338","375","Nitrogen dioxide (NO2)","Mean","ppb","UHF42","107","Hunts Point - Mott Haven","Winter 2018-19","2018-12-01T00:00:00.000","24.22",
"643335","375","Nitrogen dioxide (NO2)","Mean","ppb","UHF42","106","High Bridge - Morrisania","Winter 2018-19","2018-12-01T00:00:00.000","23.89",
